"","Player.ID","Last.Name","First.Name","Bats","Pitches","Team","V7"
"1","alvaj003","Alvarez","Jose","L","L","ANA","P"
"2","aybae001","Aybar","Erick","B","R","ANA","SS"
"3","bandj001","Bandy","Jett","R","R","ANA","C"
"4","bedrc001","Bedrosian","Cam","R","R","ANA","P"
"5","buted001","Butera","Drew","R","R","ANA","C"
"6","calhk001","Calhoun","Kole","L","L","ANA","OF"
"7","cowak001","Cowart","Kaleb","B","R","ANA","3B"
"8","cowgc001","Cowgill","Collin","R","L","ANA","OF"
"9","cronc002","Cron","C.J.","R","R","ANA","1B"
"10","dejed001","DeJesus","David","L","L","ANA","CF"
"11","featt001","Featherston","Taylor","R","R","ANA","2B"
"12","freed001","Freese","David","R","R","ANA","3B"
"13","giavj001","Giavotella","Johnny","R","R","ANA","2B"
"14","gillc001","Gillaspie","Conor","L","R","ANA","1B"
"15","gottt001","Gott","Trevor","R","R","ANA","P"
"16","greeg002","Green","Grant","R","R","ANA","OF"
"17","heana001","Heaney","Andrew","L","L","ANA","P"
"18","iannc001","Iannetta","Chris","R","R","ANA","C"
"19","ibare001","Ibarra","Edgar","L","L","ANA","P"
"20","jackr005","Jackson","Ryan","R","R","ANA","SS"
"21","joycm001","Joyce","Matthew","L","R","ANA","OF"
"22","kraum001","Krauss","Marc","L","R","ANA","OF"
"23","kubik001","Kubitza","Kyle","L","R","ANA","3B"
"24","latom001","Latos","Mat","R","R","ANA","P"
"25","marta005","Marte","Alfredo","R","R","ANA","OF"
"26","mattr001","Mattheus","Ryan","R","R","ANA","P"
"27","morim002","Morin","Mike","R","R","ANA","P"
"28","murpd005","Murphy","David","L","L","ANA","OF"
"29","navae001","Navarro","Efren","L","L","ANA","1B"
"30","nieuk001","Nieuwenhuis","Kirk","L","R","ANA","OF"
"31","perec003","Perez","Carlos","R","R","ANA","C"
"32","pestv001","Pestano","Vinnie","R","R","ANA","P"
"33","pujoa001","Pujols","Albert","R","R","ANA","1B"
"34","ramoc001","Ramos","Cesar","L","L","ANA","P"
"35","rasmc002","Rasmus","Cory","R","R","ANA","P"
"36","reyej003","Reyes","Jo-Jo","L","L","ANA","P"
"37","richg002","Richards","Garrett","R","R","ANA","P"
"38","robed003","Robertson","Daniel","R","R","ANA","OF"
"39","rucid001","Rucinski","Drew","R","R","ANA","P"
"40","salaf001","Salas","Fernando","R","R","ANA","P"
"41","santh001","Santiago","Hector","R","L","ANA","P"
"42","shoem001","Shoemaker","Matt","R","R","ANA","P"
"43","smitj002","Smith","Joe","R","R","ANA","P"
"44","streh001","Street","Huston","R","R","ANA","P"
"45","tropn001","Tropeano","Nick","R","R","ANA","P"
"46","troum001","Trout","Mike","R","R","ANA","OF"
"47","victs001","Victorino","Shane","R","R","ANA","OF"
"48","weavj003","Weaver","Jered","R","R","ANA","P"
"49","wilka001","Wilk","Adam","L","L","ANA","P"
"50","wilsc004","Wilson","C.J.","L","L","ANA","P"
"51","wrigw001","Wright","Wesley","R","L","ANA","P"
"52","ahmen001","Ahmed","Nick","R","R","ARI","SS"
"53","andec001","Anderson","Chase","R","R","ARI","P"
"54","bracs001","Bracho","Silvino","R","R","ARI","P"
"55","brada001","Bradley","Archie","R","R","ARI","P"
"56","brits001","Brito","Socrates","L","L","ARI","OF"
"57","burge002","Burgos","Enrique","R","R","ARI","P"
"58","castw002","Castillo","Welington","R","R","ARI","C"
"59","chacj001","Chacin","Jhoulys","R","R","ARI","P"
"60","chafa001","Chafin","Andrew","R","L","ARI","P"
"61","collj001","Collmenter","Josh","R","R","ARI","P"
"62","corbp001","Corbin","Patrick","L","L","ARI","P"
"63","delar003","de la Rosa","Rubby","R","R","ARI","P"
"64","delgr001","Delgado","Randall","R","R","ARI","P"
"65","dornd001","Dorn","Danny","L","L","ARI","1B"
"66","drurb001","Drury","Brandon","R","R","ARI","3B"
"67","godlz001","Godley","Zack","R","R","ARI","P"
"68","goldp001","Goldschmidt","Paul","R","R","ARI","1B"
"69","goset001","Gosewisch","Tuffy","R","R","ARI","C"
"70","gossp001","Gosselin","Phil","R","R","ARI","2B"
"71","hellj001","Hellickson","Jeremy","R","R","ARI","P"
"72","hernd002","Hernandez","David","R","R","ARI","P"
"73","herno002","Hernandez","Oscar","R","R","ARI","C"
"74","hessk001","Hessler","Keith","L","L","ARI","P"
"75","hilla001","Hill","Aaron","R","R","ARI","2B"
"76","hudsd001","Hudson","Daniel","R","R","ARI","P"
"77","incie001","Inciarte","Ender","L","L","ARI","OF"
"78","lairg001","Laird","Gerald","R","R","ARI","C"
"79","leond003","Leone","Dominic","R","R","ARI","P"
"80","lambj001","Lamb","Jake","L","R","ARI","3B"
"81","marse001","Marshall","Evan","R","R","ARI","P"
"82","nunov001","Nuno","Vidal","L","L","ARI","P"
"83","obrip002","O'Brien","Peter","R","R","ARI","OF"
"84","owinc001","Owings","Chris","R","R","ARI","SS"
"85","pachj001","Pacheco","Jordan","R","R","ARI","C"
"86","pennc001","Pennington","Cliff","B","R","ARI","SS"
"87","perad001","Peralta","David","L","L","ARI","OF"
"88","pereo002","Perez","Oliver","L","L","ARI","P"
"89","polla001","Pollock","A.J.","R","R","ARI","OF"
"90","ramij002","Ramirez","J.C.","R","R","ARI","P"
"91","ray-r002","Ray","Robbie","L","L","ARI","P"
"92","reeda001","Reed","Addison","L","R","ARI","P"
"93","reynm002","Reynolds","Matt","L","L","ARI","P"
"94","romaj003","Romak","Jamie","R","R","ARI","3B"
"95","saltj001","Saltalamacchia","Jarrod","B","R","ARI","C"
"96","schua001","Schugel","A.J.","R","R","ARI","P"
"97","stitm001","Stites","Matt","L","R","ARI","P"
"98","tomay001","Tomas","Yasmany","R","R","ARI","OF"
"99","trumm001","Trumbo","Mark","R","R","ARI","OF"
"100","websa001","Webster","Allen","R","R","ARI","P"
"101","ziegb001","Ziegler","Brad","R","R","ARI","P"
"102","aardd001","Aardsma","David","R","R","ATL","P"
"103","avill001","Avilan","Luis","L","L","ATL","P"
"104","banum001","Banuelos","Manny","R","L","ATL","P"
"105","bethc001","Bethancourt","Christian","R","R","ATL","C"
"106","bourm001","Bourn","Michael","L","R","ATL","OF"
"107","brigj001","Brigham","Jake","R","R","ATL","P"
"108","burad001","Burawa","Danny","R","R","ATL","P"
"109","cahit001","Cahill","Trevor","R","R","ATL","P"
"110","calla001","Callaspo","Alberto","B","R","ATL","2B"
"111","carpd002","Carpenter","David","R","R","ATL","P"
"112","castd001","Castro","Daniel","R","R","ATL","2B"
"113","cirip001","Ciriaco","Pedro","R","R","ATL","SS"
"114","cornj002","Cornely","John","R","R","ATL","P"
"115","cunnb001","Cunniff","Brandon","R","R","ATL","P"
"116","cunnt001","Cunningham","Todd","B","R","ATL","OF"
"117","detwr001","Detwiler","Ross","R","L","ATL","P"
"118","eveld001","Eveland","Dana","L","L","ATL","P"
"119","foltm001","Foltynewicz","Mike","R","R","ATL","P"
"120","frasj002","Frasor","Jason","R","R","ATL","P"
"121","freef001","Freeman","Freddie","L","R","ATL","1B"
"122","garca004","Garcia","Adonis","R","R","ATL","SS"
"123","gomej001","Gomes","Jonny","R","R","ATL","OF"
"124","gossp001","Gosselin","Phil","R","R","ATL","2B"
"125","grilj001","Grilli","Jason","R","R","ATL","P"
"126","jacke001","Jackson","Edwin","R","R","ATL","P"
"127","jaimj001","Jaime","Juan","R","R","ATL","P"
"128","johnc003","Johnson","Chris","R","R","ATL","3B"
"129","johnj010","Johnson","Jim","R","R","ATL","P"
"130","johnk003","Johnson","Kelly","L","R","ATL","OF"
"131","kellr001","Kelly","Ryan","R","R","ATL","P"
"132","kohnm001","Kohn","Michael","R","R","ATL","P"
"133","lavar001","Lavarnway","Ryan","R","R","ATL","C"
"134","markn001","Markakis","Nick","L","L","ATL","OF"
"135","maris001","Marimon","Sugar Ray","R","R","ATL","P"
"136","markm001","Marksberry","Matt","L","L","ATL","P"
"137","martc008","Martin","Cody","R","R","ATL","P"
"138","massn001","Masset","Nick","R","R","ATL","P"
"139","maybc001","Maybin","Cameron","R","R","ATL","OF"
"140","mckia001","McKirahan","Andrew","R","L","ATL","P"
"141","mills001","Miller","Shelby","R","R","ATL","P"
"142","moylp001","Moylan","Peter","R","R","ATL","P"
"143","olivh001","Olivera","Hector","R","R","ATL","3B"
"144","peree003","Perez","Eury","R","R","ATL","OF"
"145","perew001","Perez","Williams","R","R","ATL","P"
"146","petej002","Peterson","Jace","L","R","ATL","3B"
"147","piera001","Pierzynski","A.J.","L","R","ATL","C"
"148","simma001","Simmons","Andrelton","R","R","ATL","SS"
"149","stule002","Stults","Eric","L","L","ATL","P"
"150","swisn001","Swisher","Nick","B","L","ATL","OF"
"151","tehej001","Teheran","Julio","R","R","ATL","P"
"152","terdj001","Terdoslavich","Joey","B","R","ATL","OF"
"153","thomi001","Thomas","Ian","R","L","ATL","P"
"154","uribj002","Uribe","Juan","R","R","ATL","SS"
"155","veald001","Veal","Donnie","L","L","ATL","P"
"156","vizca001","Vizcaino","Arodys","R","R","ATL","P"
"157","weber001","Weber","Ryan","R","R","ATL","P"
"158","winkd001","Winkler","Daniel","R","R","ATL","P"
"159","wislm001","Wisler","Matt","R","R","ATL","P"
"160","wooda002","Wood","Alex","R","L","ATL","P"
"161","youne003","Young","Eric","B","R","ATL","OF"
"162","alvad002","Alvarez","Dariel","R","R","BAL","OF"
"163","bracb001","Brach","Brad","R","R","BAL","P"
"164","britz001","Britton","Zach","L","L","BAL","P"
"165","cabrc001","Cabral","Cesar","L","L","BAL","P"
"166","cabre001","Cabrera","Everth","B","R","BAL","2B"
"167","chenw001","Chen","Wei-Yin","L","L","BAL","P"
"168","clevs001","Clevenger","Steve","L","R","BAL","C"
"169","davic003","Davis","Chris","L","R","BAL","1B"
"170","deaza001","de Aza","Alejandro","L","L","BAL","OF"
"171","drako001","Drake","Oliver","R","R","BAL","P"
"172","flahr001","Flaherty","Ryan","L","R","BAL","3B"
"173","garcj005","Garcia","Jason","R","R","BAL","P"
"174","gausk001","Gausman","Kevin","L","R","BAL","P"
"175","givem001","Givens","Mychal","R","R","BAL","P"
"176","gonzm003","Gonzalez","Miguel","R","R","BAL","P"
"177","hardj003","Hardy","J.J.","R","R","BAL","SS"
"178","huntt002","Hunter","Tommy","R","R","BAL","P"
"179","janip001","Janish","Paul","R","R","BAL","SS"
"180","jimeu001","Jimenez","Ubaldo","R","R","BAL","P"
"181","johns001","Johnson","Steve","R","R","BAL","P"
"182","jonea003","Jones","Adam","R","R","BAL","OF"
"183","josec002","Joseph","Caleb","R","R","BAL","C"
"184","lakej001","Lake","Junior","R","R","BAL","3B"
"185","lavar001","Lavarnway","Ryan","R","R","BAL","C"
"186","lougd001","Lough","David","L","L","BAL","OF"
"187","machm001","Machado","Manny","R","R","BAL","3B"
"188","matub001","Matusz","Brian","L","L","BAL","P"
"189","mcfat001","McFarland","T.J.","L","L","BAL","P"
"190","navar001","Navarro","Rey","B","R","BAL","2B"
"191","norrb001","Norris","Bud","R","R","BAL","P"
"192","odayd001","O'Day","Darren","R","R","BAL","P"
"193","parej002","Paredes","Jimmy","B","R","BAL","SS"
"194","parmc001","Parmelee","Chris","L","L","BAL","1B"
"195","parrg001","Parra","Gerardo","L","L","BAL","OF"
"196","pears001","Pearce","Steve","R","R","BAL","OF"
"197","reimn001","Reimold","Nolan","R","R","BAL","OF"
"198","roe-c001","Roe","Chaz","R","R","BAL","P"
"199","rondj001","Rondon","Jorge","R","R","BAL","P"
"200","schoj001","Schoop","Jonathan","R","R","BAL","3B"
"201","snidt001","Snider","Travis","L","L","BAL","OF"
"202","tillc001","Tillman","Chris","R","R","BAL","P"
"203","urruh001","Urrutia","Henry","L","R","BAL","OF"
"204","walkc002","Walker","Christian","R","R","BAL","1B"
"205","wietm001","Wieters","Matt","B","R","BAL","C"
"206","wilst004","Wilson","Tyler","R","R","BAL","P"
"207","wrigm001","Wright","Mike","R","R","BAL","P"
"208","wrigw001","Wright","Wesley","R","L","BAL","P"
"209","yound003","Young","Delmon","R","R","BAL","OF"
"210","aro-j001","Aro","Jonathan","R","R","BOS","P"
"211","barnm001","Barnes","Matt","R","R","BOS","P"
"212","bettm001","Betts","Mookie","R","R","BOS","2B"
"213","bianj001","Bianchi","Jeff","R","R","BOS","SS"
"214","bogax001","Bogaerts","Xander","R","R","BOS","SS"
"215","bradj001","Bradley","Jackie","L","R","BOS","OF"
"216","bresc001","Breslow","Craig","L","L","BOS","P"
"217","buchc001","Buchholz","Clay","L","R","BOS","P"
"218","castr004","Castillo","Rusney","R","R","BOS","OF"
"219","ceccg001","Cecchini","Garin","L","R","BOS","3B"
"220","cookr001","Cook","Ryan","R","R","BOS","P"
"221","craia001","Craig","Allen","R","R","BOS","OF"
"222","deaza001","de Aza","Alejandro","L","L","BOS","OF"
"223","hanir001","Hanigan","Ryan","R","R","BOS","C"
"224","hembh001","Hembree","Heath","R","R","BOS","P"
"225","hillr001","Hill","Rich","L","L","BOS","P"
"226","hinod001","Hinojosa","Dalier","R","R","BOS","P"
"227","holtb002","Holt","Brock","L","R","BOS","2B"
"228","jimel002","Jimenez","Luis","R","R","BOS","3B"
"229","johnb004","Johnson","Brian","L","L","BOS","P"
"230","kellj001","Kelly","Joe","R","R","BOS","P"
"231","laynt001","Layne","Tom","L","L","BOS","P"
"232","leons001","Leon","Sandy","B","R","BOS","C"
"233","machj002","Machi","Jean","R","R","BOS","P"
"234","marrd001","Marrero","Deven","R","R","BOS","2B"
"235","mastj001","Masterson","Justin","R","R","BOS","P"
"236","mendr002","Mendez","Roman","R","R","BOS","P"
"237","milew001","Miley","Wade","L","L","BOS","P"
"238","mujie001","Mujica","Edward","R","R","BOS","P"
"239","napom001","Napoli","Mike","R","R","BOS","1B"
"240","navad002","Nava","Daniel","B","L","BOS","OF"
"241","ogana001","Ogando","Alexi","R","R","BOS","P"
"242","ortid001","Ortiz","David","L","L","BOS","1B"
"243","owenh002","Owens","Henry","L","L","BOS","P"
"244","pedrd001","Pedroia","Dustin","R","R","BOS","2B"
"245","peguc001","Peguero","Carlos","L","L","BOS","OF"
"246","porcr001","Porcello","Rick","R","R","BOS","P"
"247","ramih003","Ramirez","Hanley","R","R","BOS","OF"
"248","ramin002","Ramirez","Noe","R","R","BOS","P"
"249","rodre004","Rodriguez","Eduardo","L","L","BOS","P"
"250","rossr002","Ross","Robbie","L","L","BOS","P"
"251","rutlj001","Rutledge","Josh","R","R","BOS","SS"
"252","sandp001","Sandoval","Pablo","L","R","BOS","3B"
"253","shawt001","Shaw","Travis","L","R","BOS","1B"
"254","swihb001","Swihart","Blake","B","R","BOS","C"
"255","tazaj001","Tazawa","Junichi","R","R","BOS","P"
"256","uehak001","Uehara","Koji","R","R","BOS","P"
"257","varva001","Varvaro","Anthony","R","R","BOS","P"
"258","victs001","Victorino","Shane","R","R","BOS","OF"
"259","weekj001","Weeks","Jemile","B","R","BOS","2B"
"260","wrigs001","Wright","Steven","R","R","BOS","P"
"261","abrej003","Abreu","Jose","R","R","CHA","1B"
"262","albem001","Albers","Matt","L","R","CHA","P"
"263","beckc002","Beck","Chris","R","R","CHA","P"
"264","beckg001","Beckham","Gordon","R","R","CHA","3B"
"265","bonie001","Bonifacio","Emilio","B","R","CHA","2B"
"266","branr002","Brantly","Rob","L","R","CHA","C"
"267","cabrm002","Cabrera","Melky","B","L","CHA","OF"
"268","carrs001","Carroll","Scott","R","R","CHA","P"
"269","dankj001","Danks","John","L","L","CHA","P"
"270","drabk001","Drabek","Kyle","R","R","CHA","P"
"271","dukez001","Duke","Zach","L","L","CHA","P"
"272","eatoa002","Eaton","Adam","L","L","CHA","OF"
"273","flowt001","Flowers","Tyler","R","R","CHA","C"
"274","garca003","Garcia","Avisail","R","R","CHA","OF"
"275","garcl004","Garcia","Leury","B","R","CHA","SS"
"276","gillc001","Gillaspie","Conor","L","R","CHA","1B"
"277","guerj002","Guerra","Javy","R","R","CHA","P"
"278","guerj003","Guerra","Junior","R","R","CHA","P"
"279","jennd003","Jennings","Dan","L","L","CHA","P"
"280","johne003","Johnson","Erik","R","R","CHA","P"
"281","johnm006","Johnson","Micah","L","R","CHA","2B"
"282","jonen001","Jones","Nate","R","R","CHA","P"
"283","laroa001","LaRoche","Adam","L","L","CHA","1B"
"284","montf001","Montas","Frankie","R","R","CHA","P"
"285","noesh001","Noesi","Hector","R","R","CHA","P"
"286","olt-m001","Olt","Mike","R","R","CHA","3B"
"287","petrj001","Petricka","Jake","R","R","CHA","P"
"288","putnz001","Putnam","Zach","R","R","CHA","P"
"289","quinj001","Quintana","Jose","R","L","CHA","P"
"290","ramia003","Ramirez","Alexei","R","R","CHA","OF"
"291","robed002","Robertson","David","R","R","CHA","P"
"292","rodoc001","Rodon","Carlos","L","L","CHA","P"
"293","salat001","Saladino","Tyler","R","R","CHA","SS"
"294","salec001","Sale","Chris","L","L","CHA","P"
"295","samaj001","Samardzija","Jeff","R","R","CHA","P"
"296","sancc001","Sanchez","Carlos","B","R","CHA","SS"
"297","shucj001","Shuck","J.B.","L","L","CHA","OF"
"298","sotog001","Soto","Geovany","R","R","CHA","C"
"299","thomt002","Thompson","Trayce","R","R","CHA","OF"
"300","webbd001","Webb","Daniel","R","R","CHA","P"
"301","alcaa001","Alcantara","Arismendy","B","R","CHN","2B"
"302","arrij001","Arrieta","Jake","R","R","CHN","P"
"303","baezj001","Baez","Javier","R","R","CHN","SS"
"304","baxtm001","Baxter","Mike","L","R","CHN","OF"
"305","beeld001","Beeler","Dallas","R","R","CHN","P"
"306","berrq001","Berry","Quintin","L","L","CHN","OF"
"307","bryak001","Bryant","Kris","R","R","CHN","3B"
"308","cahit001","Cahill","Trevor","R","R","CHN","P"
"309","casts001","Castro","Starlin","R","R","CHN","SS"
"310","castw002","Castillo","Welington","R","R","CHN","C"
"311","coghc001","Coghlan","Chris","L","R","CHN","OF"
"312","cokep001","Coke","Phil","L","L","CHN","P"
"313","denoc001","Denorfia","Chris","R","R","CHN","OF"
"314","edwac001","Edwards","Carl","R","R","CHN","P"
"315","fowld001","Fowler","Dexter","B","R","CHN","OF"
"316","germg001","Germen","Gonzalez","R","R","CHN","P"
"317","grimj002","Grimm","Justin","R","R","CHN","P"
"318","hammj002","Hammel","Jason","R","R","CHN","P"
"319","hared001","Haren","Dan","R","R","CHN","P"
"320","hendk001","Hendricks","Kyle","R","R","CHN","P"
"321","herrj002","Herrera","Jonathan","B","R","CHN","2B"
"322","huntt002","Hunter","Tommy","R","R","CHN","P"
"323","jacka001","Jackson","Austin","R","R","CHN","OF"
"324","jacke001","Jackson","Edwin","R","R","CHN","P"
"325","lakej001","Lake","Junior","R","R","CHN","3B"
"326","lastt001","La Stella","Tommy","L","R","CHN","2B"
"327","lestj001","Lester","Jon","L","L","CHN","P"
"328","mediy001","Medina","Yoervis","R","R","CHN","P"
"329","montm001","Montero","Miguel","L","R","CHN","C"
"330","mottj001","Motte","Jason","R","R","CHN","P"
"331","olt-m001","Olt","Mike","R","R","CHN","3B"
"332","ramin001","Ramirez","Neil","R","R","CHN","P"
"333","richc002","Richard","Clayton","L","L","CHN","P"
"334","rizza001","Rizzo","Anthony","L","L","CHN","1B"
"335","roacd001","Roach","Donn","R","R","CHN","P"
"336","rodnf001","Rodney","Fernando","R","R","CHN","P"
"337","rondh001","Rondon","Hector","R","R","CHN","P"
"338","rossd001","Ross","David","R","R","CHN","C"
"339","rossz001","Rosscup","Zac","R","L","CHN","P"
"340","russa002","Russell","Addison","R","R","CHN","2B"
"341","russj003","Russell","James","L","L","CHN","P"
"342","schlb001","Schlitter","Brian","R","R","CHN","P"
"343","schwk001","Schwarber","Kyle","L","R","CHN","C"
"344","solej001","Soler","Jorge","R","R","CHN","OF"
"345","sorir001","Soriano","Rafael","R","R","CHN","P"
"346","strop001","Strop","Pedro","R","R","CHN","P"
"347","szczm001","Szczur","Matt","R","R","CHN","OF"
"348","teagt001","Teagarden","Taylor","R","R","CHN","C"
"349","wadat001","Wada","Tsuyoshi","L","L","CHN","P"
"350","woodt004","Wood","Travis","R","L","CHN","P"
"351","adcon001","Adcock","Nathan","R","R","CIN","P"
"352","axeld001","Axelrod","Dylan","R","R","CIN","P"
"353","badeb001","Badenhop","Burke","R","R","CIN","P"
"354","balec001","Balester","Collin","R","R","CIN","P"
"355","barnt001","Barnhart","Tucker","B","R","CIN","C"
"356","bailh001","Bailey","Homer","R","R","CIN","P"
"357","boesb001","Boesch","Brennan","L","L","CIN","OF"
"358","bourj001","Bourgeois","Jason","R","R","CIN","2B"
"359","brucj001","Bruce","Jay","L","L","CIN","OF"
"360","byrdm001","Byrd","Marlon","R","R","CIN","OF"
"361","cabrr001","Cabrera","Ramon","B","R","CIN","C"
"362","chapa001","Chapman","Aroldis","L","L","CIN","P"
"363","cingt001","Cingrani","Tony","L","L","CIN","P"
"364","contc001","Contreras","Carlos","R","R","CIN","P"
"365","cozaz001","Cozart","Zack","R","R","CIN","SS"
"366","cuetj001","Cueto","Johnny","R","R","CIN","P"
"367","dejei002","De Jesus","Ivan","R","R","CIN","SS"
"368","desca001","DeSclafani","Anthony","R","R","CIN","P"
"369","diazj005","Diaz","Jumbo","R","R","CIN","P"
"370","domic001","Dominguez","Chris","R","R","CIN","OF"
"371","duvaa001","Duvall","Adam","R","R","CIN","3B"
"372","finnb001","Finnegan","Brandon","L","L","CIN","P"
"373","frazt001","Frazier","Todd","R","R","CIN","OF"
"374","gregk001","Gregg","Kevin","R","R","CIN","P"
"375","hamib001","Hamilton","Billy","B","R","CIN","OF"
"376","handd001","Hand","Donovan","R","R","CIN","P"
"377","holmd002","Holmberg","David","R","L","CIN","P"
"378","holtt001","Holt","Tyler","R","R","CIN","OF"
"379","hoovj002","Hoover","J.J.","R","R","CIN","P"
"380","igler001","Iglesias","Raisel","R","R","CIN","P"
"381","lamar001","LaMarre","Ryan","R","L","CIN","OF"
"382","lambj002","Lamb","John","L","L","CIN","P"
"383","leakm001","Leake","Mike","R","R","CIN","P"
"384","lecus001","LeCure","Sam","R","R","CIN","P"
"385","lorem002","Lorenzen","Michael","R","R","CIN","P"
"386","marqj001","Marquis","Jason","L","R","CIN","P"
"387","mattr001","Mattheus","Ryan","R","R","CIN","P"
"388","mesod001","Mesoraco","Devin","R","R","CIN","C"
"389","moscj001","Moscot","Jon","R","R","CIN","P"
"390","negrk001","Negron","Kristopher","R","R","CIN","SS"
"391","parrm001","Parra","Manny","L","L","CIN","P"
"392","penab002","Pena","Brayan","B","R","CIN","C"
"393","philb001","Phillips","Brandon","R","R","CIN","SS"
"394","sampk001","Sampson","Keyvius","R","R","CIN","P"
"395","schus001","Schumaker","Skip","L","R","CIN","2B"
"396","smitj004","Smith","Josh","R","R","CIN","P"
"397","suare001","Suarez","Eugenio","R","R","CIN","SS"
"398","villp001","Villarreal","Pedro","R","R","CIN","P"
"399","vottj001","Votto","Joey","L","R","CIN","1B"
"400","waldk002","Waldrop","Kyle","L","L","CIN","OF"
"401","adama001","Adams","Austin","R","R","CLE","P"
"402","aguij001","Aguilar","Jesus","R","R","CLE","1B"
"403","allec002","Allen","Cody","R","R","CLE","P"
"404","almoa001","Almonte","Abraham","B","R","CLE","OF"
"405","andec002","Anderson","Cody","R","R","CLE","P"
"406","armss001","Armstrong","Shawn","R","R","CLE","P"
"407","atchs001","Atchison","Scott","R","R","CLE","P"
"408","avilm001","Aviles","Mike","R","R","CLE","SS"
"409","bauet001","Bauer","Trevor","R","R","CLE","P"
"410","bourm001","Bourn","Michael","L","R","CLE","OF"
"411","branm003","Brantley","Michael","L","L","CLE","OF"
"412","carrc003","Carrasco","Carlos","R","R","CLE","P"
"413","chenb001","Chen","Bruce","L","L","CLE","P"
"414","chisl001","Chisenhall","Lonnie","L","R","CLE","3B"
"415","crock001","Crockett","Kyle","L","L","CLE","P"
"416","floyg001","Floyd","Gavin","R","R","CLE","P"
"417","gomey001","Gomes","Yan","R","R","CLE","C"
"418","hagan001","Hagadone","Nick","L","L","CLE","P"
"419","hayeb001","Hayes","Brett","R","R","CLE","C"
"420","holtt001","Holt","Tyler","R","R","CLE","OF"
"421","houst002","House","TJ","R","L","CLE","P"
"422","johnc003","Johnson","Chris","R","R","CLE","3B"
"423","kipnj001","Kipnis","Jason","L","R","CLE","2B"
"424","klubc001","Kluber","Corey","R","R","CLE","P"
"425","lee-c004","Lee","C.C.","R","R","CLE","P"
"426","lindf001","Lindor","Francisco","B","R","CLE","SS"
"427","mansj001","Manship","Jeff","R","R","CLE","P"
"428","marcs001","Marcum","Shaun","R","R","CLE","P"
"429","martm003","Martinez","Michael","B","R","CLE","2B"
"430","mcalz001","McAllister","Zach","R","R","CLE","P"
"431","moora001","Moore","Adam","R","R","CLE","C"
"432","mossb001","Moss","Brandon","L","R","CLE","OF"
"433","murat001","Murata","Toru","L","R","CLE","P"
"434","murpd005","Murphy","David","L","L","CLE","OF"
"435","perer003","Perez","Roberto","R","R","CLE","C"
"436","rabur001","Raburn","Ryan","R","R","CLE","2B"
"437","ramij003","Ramirez","Jose","B","R","CLE","2B"
"438","rzepm001","Rzepczynski","Marc","L","L","CLE","P"
"439","salad001","Salazar","Danny","L","R","CLE","P"
"440","sandj002","Sands","Jerry","R","R","CLE","OF"
"441","santc002","Santana","Carlos","B","R","CLE","C"
"442","shawb001","Shaw","Bryan","B","R","CLE","P"
"443","sotog002","Soto","Giovanni","L","L","CLE","P"
"444","swara001","Swarzak","Anthony","R","R","CLE","P"
"445","swisn001","Swisher","Nick","B","L","CLE","OF"
"446","tomlj001","Tomlin","Josh","R","R","CLE","P"
"447","urshg001","Urshela","Giovanny","R","R","CLE","3B"
"448","waltz001","Walters","Zach","B","R","CLE","SS"
"449","webbr001","Webb","Ryan","R","R","CLE","P"
"450","adamc001","Adames","Cristhian","B","R","COL","SS"
"451","arenn001","Arenado","Nolan","R","R","COL","3B"
"452","axfoj001","Axford","John","R","R","COL","P"
"453","barnb002","Barnes","Brandon","R","R","COL","OF"
"454","bergc001","Bergman","Christian","R","R","COL","P"
"455","betar001","Betancourt","Rafael","R","R","COL","P"
"456","bettc001","Bettis","Chad","R","R","COL","P"
"457","blacc001","Blackmon","Charlie","L","L","COL","OF"
"458","brotr001","Brothers","Rex","L","L","COL","P"
"459","browb005","Brown","Brooks","L","R","COL","P"
"460","butle001","Butler","Eddie","R","R","COL","P"
"461","castm002","Castro","Miguel","R","R","COL","P"
"462","casts002","Castro","Simon","R","R","COL","P"
"463","delaj001","de la Rosa","Jorge","L","L","COL","P"
"464","descd001","Descalso","Daniel","L","R","COL","2B"
"465","diazj006","Diaz","Jairo","R","R","COL","P"
"466","dickc002","Dickerson","Corey","L","R","COL","OF"
"467","flany001","Flande","Yohan","L","L","COL","P"
"468","friec001","Friedrich","Christian","R","L","COL","P"
"469","garnd001","Garneau","Dustin","R","R","COL","C"
"470","germg001","Germen","Gonzalez","R","R","COL","P"
"471","gonzc001","Gonzalez","Carlos","L","L","COL","OF"
"472","grayj003","Gray","Jon","R","R","COL","P"
"473","gurkj001","Gurka","Jason","L","L","COL","P"
"474","haled001","Hale","David","R","R","COL","P"
"475","hawkl001","Hawkins","LaTroy","R","R","COL","P"
"476","hundn001","Hundley","Nick","R","R","COL","C"
"477","kahnt001","Kahnle","Tommy","R","R","COL","P"
"478","kendk001","Kendrick","Kyle","R","R","COL","P"
"479","laffa001","Laffey","Aaron","L","L","COL","P"
"480","lemad001","LeMahieu","DJ","R","R","COL","2B"
"481","logab001","Logan","Boone","R","L","COL","P"
"482","lylej001","Lyles","Jordan","R","R","COL","P"
"483","matzt001","Matzek","Tyler","L","L","COL","P"
"484","mcbrm002","McBride","Matt","R","R","COL","OF"
"485","mckem001","McKenry","Michael","R","R","COL","C"
"486","millj006","Miller","Justin","R","R","COL","P"
"487","mornj001","Morneau","Justin","L","R","COL","1B"
"488","murpt002","Murphy","Tom","R","R","COL","C"
"489","obers001","Oberg","Scott","R","R","COL","P"
"490","ottaa001","Ottavino","Adam","L","R","COL","P"
"491","parkk001","Parker","Kyle","R","R","COL","OF"
"492","paulb001","Paulsen","Ben","L","R","COL","1B"
"493","reyej001","Reyes","Jose","B","R","COL","SS"
"494","robek002","Roberts","Ken","L","L","COL","P"
"495","rondj001","Rondon","Jorge","R","R","COL","P"
"496","rosaw001","Rosario","Wilin","R","R","COL","C"
"497","rusic001","Rusin","Chris","L","L","COL","P"
"498","stubd001","Stubbs","Drew","R","R","COL","OF"
"499","tulot001","Tulowitzki","Troy","R","R","COL","SS"
"500","ynoar001","Ynoa","Rafael","B","R","COL","2B"
"501","albua001","Alburquerque","Al","R","R","DET","P"
"502","avila001","Avila","Alex","L","R","DET","C"
"503","boydm001","Boyd","Matt","L","L","DET","P"
"504","cabrm001","Cabrera","Miguel","R","R","DET","3B"
"505","castn001","Castellanos","Nick","R","R","DET","OF"
"506","cespy001","Cespedes","Yoenis","R","R","DET","OF"
"507","chamj002","Chamberlain","Joba","R","R","DET","P"
"508","collt002","Collins","Tyler","L","L","DET","OF"
"509","davir003","Davis","Rajai","R","R","DET","OF"
"510","farmb001","Farmer","Buck","L","R","DET","P"
"511","felin001","Feliz","Neftali","R","R","DET","P"
"512","ferrj001","Ferrell","Jeff","R","R","DET","P"
"513","field001","Fields","Daniel","L","R","DET","OF"
"514","gorzt001","Gorzelanny","Tom","L","L","DET","P"
"515","gosea001","Gose","Anthony","L","L","DET","OF"
"516","grees005","Greene","Shane","R","R","DET","P"
"517","hardb001","Hardy","Blaine","L","L","DET","P"
"518","holab001","Holaday","Bryan","R","R","DET","C"
"519","iglej001","Iglesias","Jose","R","R","DET","SS"
"520","kinsi001","Kinsler","Ian","R","R","DET","SS"
"521","knudg001","Knudson","Guido","R","R","DET","P"
"522","kraum001","Krauss","Marc","L","R","DET","OF"
"523","kroli001","Krol","Ian","L","L","DET","P"
"524","lobsk001","Lobstein","Kyle","L","L","DET","P"
"525","machd001","Machado","Dixon","R","R","DET","SS"
"526","martj007","Marte","Jefry","R","R","DET","3B"
"527","martj006","Martinez","J.D.","R","R","DET","OF"
"528","martv001","Martinez","Victor","B","R","DET","C"
"529","mccaj001","McCann","James","R","R","DET","C"
"530","moyas001","Moya","Steven","L","R","DET","OF"
"531","nathj001","Nathan","Joe","R","R","DET","P"
"532","nesba001","Nesbitt","Angel","R","R","DET","P"
"533","norrd002","Norris","Daniel","L","L","DET","P"
"534","pereh001","Perez","Hernan","R","R","DET","2B"
"535","pricd001","Price","David","L","L","DET","P"
"536","romia001","Romine","Andrew","B","R","DET","SS"
"537","rondb001","Rondon","Bruce","R","R","DET","P"
"538","ryank002","Ryan","Kyle","L","L","DET","P"
"539","sanca004","Sanchez","Anibal","R","R","DET","P"
"540","simoa001","Simon","Alfredo","R","R","DET","P"
"541","sorij001","Soria","Joakim","R","R","DET","P"
"542","verhd001","VerHagen","Drew","R","R","DET","P"
"543","valdj003","Valdez","Jose","R","R","DET","P"
"544","verlj001","Verlander","Justin","R","R","DET","P"
"545","wilsa001","Wilson","Alex","R","R","DET","P"
"546","wilsj003","Wilson","Josh","R","R","DET","2B"
"547","wolfr001","Wolf","Randy","L","L","DET","P"
"548","altuj001","Altuve","Jose","R","R","HOU","2B"
"549","buchj001","Buchanan","Jake","R","R","HOU","P"
"550","cartc002","Carter","Chris","R","R","HOU","OF"
"551","castj006","Castro","Jason","L","R","HOU","C"
"552","chapk002","Chapman","Kevin","L","L","HOU","P"
"553","congh001","Conger","Hank","B","R","HOU","C"
"554","corrc001","Correa","Carlos","R","R","HOU","SS"
"555","dedus001","Deduno","Samuel","R","R","HOU","P"
"556","duffm003","Duffy","Matt","R","R","HOU","3B"
"557","felds001","Feldman","Scott","L","R","HOU","P"
"558","felim001","Feliz","Michael","R","R","HOU","P"
"559","fielj002","Fields","Josh","R","R","HOU","P"
"560","fierm001","Fiers","Michael","R","R","HOU","P"
"561","gatte001","Gattis","Evan","R","R","HOU","C"
"562","gomec002","Gomez","Carlos","R","R","HOU","OF"
"563","gonzm002","Gonzalez","Marwin","B","R","HOU","SS"
"564","gregl001","Gregerson","Luke","L","R","HOU","P"
"565","grosr001","Grossman","Robbie","B","L","HOU","OF"
"566","harrw002","Harris","Will","R","R","HOU","P"
"567","carmf001","Hernandez","Roberto","R","R","HOU","P"
"568","hoesl001","Hoes","L.J.","R","R","HOU","OF"
"569","kazms001","Kazmir","Scott","L","L","HOU","P"
"570","keucd001","Keuchel","Dallas","L","L","HOU","P"
"571","lowrj001","Lowrie","Jed","B","R","HOU","SS"
"572","marij002","Marisnick","Jake","R","R","HOU","OF"
"573","mccul002","McCullers","Lance","L","R","HOU","P"
"574","mchuc001","McHugh","Collin","R","R","HOU","P"
"575","neshp001","Neshek","Pat","B","R","HOU","P"
"576","oberb001","Oberholtzer","Brett","L","L","HOU","P"
"577","peacb001","Peacock","Brad","R","R","HOU","P"
"578","pereo002","Perez","Oliver","L","L","HOU","P"
"579","presa001","Presley","Alex","L","L","HOU","OF"
"580","qualc001","Qualls","Chad","R","R","HOU","P"
"581","rasmc001","Rasmus","Colby","L","L","HOU","OF"
"582","santd002","Santana","Domingo","R","R","HOU","OF"
"583","singj001","Singleton","Jon","L","L","HOU","OF"
"584","sippt001","Sipp","Tony","L","L","HOU","P"
"585","sprig001","Springer","George","R","R","HOU","OF"
"586","stasm001","Stassi","Max","R","R","HOU","C"
"587","strad003","Straily","Dan","R","R","HOU","P"
"588","thatj001","Thatcher","Joe","L","L","HOU","P"
"589","tuckp001","Tucker","Preston","L","L","HOU","OF"
"590","valbl001","Valbuena","Luis","L","R","HOU","2B"
"591","velav001","Velasquez","Vincent","B","R","HOU","P"
"592","villj001","Villar","Jonathan","B","R","HOU","SS"
"593","wojca001","Wojciechowski","Asher","R","R","HOU","P"
"594","alexs001","Alexander","Scott","L","L","KCA","P"
"595","almom001","Almonte","Miguel","R","R","KCA","P"
"596","blanj001","Blanton","Joe","R","R","KCA","P"
"597","brooa001","Brooks","Aaron","R","R","KCA","P"
"598","buted001","Butera","Drew","R","R","KCA","C"
"599","cainl001","Cain","Lorenzo","R","R","KCA","OF"
"600","calio001","Calixte","Orlando","R","R","KCA","SS"
"601","chamj002","Chamberlain","Joba","R","R","KCA","P"
"602","coled002","Coleman","Dusty","R","R","KCA","SS"
"603","colel001","Coleman","Louis","R","R","KCA","P"
"604","coloc002","Colon","Christian","R","R","KCA","2B"
"605","cuetj001","Cueto","Johnny","R","R","KCA","P"
"606","cuthc001","Cuthbert","Cheslor","R","R","KCA","P"
"607","daviw001","Davis","Wade","R","R","KCA","P"
"608","duffd001","Duffy","Danny","L","L","KCA","P"
"609","dysoj001","Dyson","Jarrod","L","R","KCA","OF"
"610","escoa003","Escobar","Alcides","R","R","KCA","SS"
"611","finnb001","Finnegan","Brandon","L","L","KCA","P"
"612","frasj002","Frasor","Jason","R","R","KCA","P"
"613","gomej001","Gomes","Jonny","R","R","KCA","OF"
"614","gorda001","Gordon","Alex","L","R","KCA","OF"
"615","goret001","Gore","Terrance","R","R","KCA","OF"
"616","guthj001","Guthrie","Jeremy","R","R","KCA","P"
"617","herrk001","Herrera","Kelvin","R","R","KCA","P"
"618","hochl001","Hochevar","Luke","R","R","KCA","P"
"619","hollg001","Holland","Greg","R","R","KCA","P"
"620","hosme001","Hosmer","Eric","L","L","KCA","1B"
"621","infao001","Infante","Omar","R","R","KCA","SS"
"622","krate001","Kratz","Erik","R","R","KCA","C"
"623","madsr001","Madson","Ryan","L","R","KCA","P"
"624","marim001","Mariot","Michael","R","R","KCA","P"
"625","medlk001","Medlen","Kris","B","R","KCA","P"
"626","mondr003","Mondesi","Raul","B","R","KCA","SS"
"627","moraf001","Morales","Franklin","L","L","KCA","P"
"628","morak001","Morales","Kendrys","B","R","KCA","1B"
"629","mousm001","Moustakas","Mike","L","R","KCA","3B"
"630","orlap001","Orlando","Paulo","R","R","KCA","OF"
"631","penaf001","Pena","Francisco","R","R","KCA","C"
"632","peres002","Perez","Salvador","R","R","KCA","C"
"633","pinoy001","Pino","Yohan","R","R","KCA","P"
"634","riosa002","Rios","Alex","R","R","KCA","OF"
"635","vargj001","Vargas","Jason","L","L","KCA","P"
"636","venty001","Ventura","Yordano","R","R","KCA","P"
"637","volqe001","Volquez","Edinson","R","R","KCA","P"
"638","younc003","Young","Chris","R","R","KCA","P"
"639","zobrb001","Zobrist","Ben","B","R","KCA","OF"
"640","avill001","Avilan","Luis","L","L","LAN","P"
"641","andeb004","Anderson","Brett","L","L","LAN","P"
"642","baezp001","Baez","Pedro","R","R","LAN","P"
"643","bakes002","Baker","Scott","R","R","LAN","P"
"644","barna001","Barnes","Austin","R","R","LAN","C"
"645","barnd001","Barney","Darwin","R","R","LAN","SS"
"646","beacb001","Beachy","Brandon","R","R","LAN","P"
"647","bolsm001","Bolsinger","Mike","R","R","LAN","P"
"648","calla001","Callaspo","Alberto","B","R","LAN","2B"
"649","could001","Coulombe","Daniel","L","L","LAN","P"
"650","crawc002","Crawford","Carl","L","L","LAN","OF"
"651","ellia001","Ellis","A.J.","R","R","LAN","C"
"652","ethia001","Ethier","Andre","L","L","LAN","OF"
"653","friac001","Frias","Carlos","R","R","LAN","P"
"654","garcy001","Garcia","Yimi","R","R","LAN","P"
"655","gonza003","Gonzalez","Adrian","L","L","LAN","1B"
"656","grany001","Grandal","Yasmani","B","R","LAN","C"
"657","greiz001","Greinke","Zack","R","R","LAN","P"
"658","guera001","Guerrero","Alex","R","R","LAN","2B"
"659","hatcc002","Hatcher","Chris","B","R","LAN","P"
"660","heisc001","Heisey","Chris","R","R","LAN","OF"
"661","herne001","Hernandez","Enrique","R","R","LAN","2B"
"662","howej003","Howell","J.P.","L","L","LAN","P"
"663","huffd001","Huff","David","B","L","LAN","P"
"664","jansk001","Jansen","Kenley","B","R","LAN","P"
"665","johnj010","Johnson","Jim","R","R","LAN","P"
"666","kendh001","Kendrick","Howie","R","R","LAN","2B"
"667","kersc001","Kershaw","Clayton","L","L","LAN","P"
"668","latom001","Latos","Mat","R","R","LAN","P"
"669","lee-z001","Lee","Zach","R","R","LAN","P"
"670","libea001","Liberatore","Adam","L","L","LAN","P"
"671","mccab001","McCarthy","Brandon","R","R","LAN","P"
"672","nicaj001","Nicasio","Juan","R","R","LAN","P"
"673","pedej001","Pederson","Joc","L","L","LAN","OF"
"674","peraj002","Peralta","Joel","R","R","LAN","P"
"675","peraj003","Peraza","Jose","R","R","LAN","2B"
"676","puigy001","Puig","Yasiel","R","R","LAN","OF"
"677","ravij001","Ravin","Josh","R","R","LAN","P"
"678","rodrp001","Rodriguez","Paco","L","L","LAN","P"
"679","rollj001","Rollins","Jimmy","B","R","LAN","SS"
"680","ruggj001","Ruggiano","Justin","R","R","LAN","OF"
"681","sants001","Santos","Sergio","R","R","LAN","P"
"682","sches001","Schebler","Scott","L","R","LAN","OF"
"683","seagc001","Seager","Corey","L","R","LAN","SS"
"684","surke001","Surkamp","Eric","L","L","LAN","P"
"685","thomi001","Thomas","Ian","R","L","LAN","P"
"686","torrr001","Torreyes","Ronald","R","R","LAN","SS"
"687","tsaoc001","Tsao","Chin-hui","R","R","LAN","P"
"688","turnj001","Turner","Justin","R","R","LAN","2B"
"689","uribj002","Uribe","Juan","R","R","LAN","SS"
"690","utlec001","Utley","Chase","L","R","LAN","2B"
"691","vanss001","Van Slyke","Scott","R","R","LAN","OF"
"692","westm002","West","Matt","R","R","LAN","P"
"693","wielj001","Wieland","Joe","R","R","LAN","P"
"694","wooda002","Wood","Alex","R","L","LAN","P"
"695","alvah001","Alvarez","Henderson","R","R","MIA","P"
"696","bakej001","Baker","Jeff","R","R","MIA","2B"
"697","barrk002","Barraclough","Kyle","R","R","MIA","P"
"698","bourj002","Bour","Justin","L","R","MIA","1B"
"699","brigr001","Brignac","Reid","L","R","MIA","SS"
"700","cappc001","Capps","Carter","R","R","MIA","P"
"701","cishs001","Cishek","Steve","R","R","MIA","P"
"702","conla001","Conley","Adam","L","L","MIA","P"
"703","corde001","Cordier","Erik","R","R","MIA","P"
"704","cosaj001","Cosart","Jarred","R","R","MIA","P"
"705","dietd001","Dietrich","Derek","L","R","MIA","2B"
"706","dunnm002","Dunn","Michael","L","L","MIA","P"
"707","dysos001","Dyson","Sam","R","R","MIA","P"
"708","ellib001","Ellington","Brian","R","R","MIA","P"
"709","fernj003","Fernandez","Jose","R","R","MIA","P"
"710","flork002","Flores","Kendry","R","R","MIA","P"
"711","gillc002","Gillespie","Cole","R","R","MIA","OF"
"712","gordd002","Gordon","Dee","L","R","MIA","SS"
"713","handb001","Hand","Brad","L","L","MIA","P"
"714","hared001","Haren","Dan","R","R","MIA","P"
"715","hecha001","Hechavarria","Adeiny","R","R","MIA","3B"
"716","kelld001","Kelly","Don","L","R","MIA","OF"
"717","koeht001","Koehler","Tom","R","R","MIA","P"
"718","latom001","Latos","Mat","R","R","MIA","P"
"719","lazor001","Lazo","Raudel","L","L","MIA","P"
"720","massn001","Masset","Nick","R","R","MIA","P"
"721","mathj001","Mathis","Jeff","R","R","MIA","C"
"722","mazzv001","Mazzaro","Vin","R","R","MIA","P"
"723","mcgec001","McGehee","Casey","R","R","MIA","3B"
"724","mcgos001","McGough","Scott","R","R","MIA","P"
"725","morrb002","Morris","Bryan","L","R","MIA","P"
"726","morsm001","Morse","Michael","R","R","MIA","OF"
"727","narvc001","Narveson","Chris","L","L","MIA","P"
"728","nicoj001","Nicolino","Justin","L","L","MIA","P"
"729","ozunm001","Ozuna","Marcell","R","R","MIA","OF"
"730","pheld001","Phelps","David","R","R","MIA","P"
"731","pradm001","Prado","Martin","R","R","MIA","OF"
"732","ramoa001","Ramos","A.J.","R","R","MIA","P"
"733","realj001","Realmuto","J.T.","R","R","MIA","C"
"734","reedc001","Reed","Chris","L","L","MIA","P"
"735","riena001","Rienzo","Andre","R","R","MIA","P"
"736","rojam002","Rojas","Miguel","R","R","MIA","SS"
"737","saltj001","Saltalamacchia","Jarrod","B","R","MIA","C"
"738","solad001","Solano","Donovan","R","R","MIA","2B"
"739","solaj002","Solano","Jhonatan","R","R","MIA","C"
"740","stanm004","Stanton","Giancarlo","R","R","MIA","OF"
"741","suzui001","Suzuki","Ichiro","L","R","MIA","OF"
"742","telit001","Telis","Tomas","B","R","MIA","C"
"743","urenj001","Urena","Jose","R","R","MIA","P"
"744","valdj002","Valdespin","Jordany","L","R","MIA","2B"
"745","yelic001","Yelich","Christian","L","R","MIA","OF"
"746","ashln001","Ashley","Nevin","R","R","MIL","C"
"747","barry001","Barrios","Yhonathan","B","R","MIL","P"
"748","blazm001","Blazek","Michael","R","R","MIL","P"
"749","braur002","Braun","Ryan","R","R","MIL","OF"
"750","broxj001","Broxton","Jonathan","R","R","MIL","P"
"751","centj001","Centeno","Juan","L","R","MIL","C"
"752","cottn001","Cotts","Neal","L","L","MIL","P"
"753","cravt001","Cravy","Tyler","R","R","MIL","P"
"754","davik003","Davis","Khris","R","R","MIL","OF"
"755","daviz001","Davies","Zach","R","R","MIL","P"
"756","fierm001","Fiers","Michael","R","R","MIL","P"
"757","garzm001","Garza","Matt","R","R","MIL","P"
"758","genns001","Gennett","Scooter","L","R","MIL","2B"
"759","gofod001","Goforth","David","R","R","MIL","P"
"760","gomec002","Gomez","Carlos","R","R","MIL","OF"
"761","gomeh001","Gomez","Hector","R","R","MIL","SS"
"762","guilp001","Guilmet","Preston","R","R","MIL","P"
"763","herre001","Herrera","Elian","B","R","MIL","2B"
"764","housa001","Houser","Adrian","R","R","MIL","P"
"765","jeffj001","Jeffress","Jeremy","R","R","MIL","P"
"766","jimec002","Jimenez","Cesar","L","L","MIL","P"
"767","jimel002","Jimenez","Luis","R","R","MIL","3B"
"768","jungt001","Jungmann","Taylor","R","R","MIL","P"
"769","kintb001","Kintzler","Brandon","R","R","MIL","P"
"770","knebc001","Knebel","Corey","R","R","MIL","P"
"771","linda001","Lind","Adam","L","L","MIL","OF"
"772","lohsk001","Lohse","Kyle","R","R","MIL","P"
"773","lopej004","Lopez","Jorge","R","R","MIL","P"
"774","lucrj001","Lucroy","Jonathan","R","R","MIL","C"
"775","maldm001","Maldonado","Martin","R","R","MIL","C"
"776","nelsj004","Nelson","Jimmy","R","R","MIL","P"
"777","parrg001","Parra","Gerardo","L","L","MIL","OF"
"778","penaa003","Pena","Ariel","R","R","MIL","P"
"779","peraw001","Peralta","Wily","R","R","MIL","P"
"780","pereh001","Perez","Hernan","R","R","MIL","2B"
"781","petes002","Peterson","Shane","L","L","MIL","OF"
"782","ramia001","Ramirez","Aramis","R","R","MIL","3B"
"783","reedm001","Reed","Michael","R","R","MIL","OF"
"784","rivey001","Rivera","Yadiel","R","R","MIL","SS"
"785","rodrf003","Rodriguez","Francisco","R","R","MIL","P"
"786","rogej002","Rogers","Jason","R","R","MIL","3B"
"787","santd002","Santana","Domingo","R","R","MIL","OF"
"788","sardl001","Sardinas","Luis","B","R","MIL","SS"
"789","schal001","Schafer","Logan","L","L","MIL","OF"
"790","seguj002","Segura","Jean","R","R","MIL","SS"
"791","smitw002","Smith","Will","R","L","MIL","P"
"792","thort001","Thornburg","Tyler","R","R","MIL","P"
"793","wagnt001","Wagner","Tyler","R","R","MIL","P"
"794","wootr001","Wooten","Rob","R","R","MIL","P"
"795","achta001","Achter","A.J.","R","R","MIN","P"
"796","arcio001","Arcia","Oswaldo","L","R","MIN","OF"
"797","bernd001","Bernier","Doug","R","R","MIN","3B"
"798","boyeb001","Boyer","Blaine","R","R","MIN","P"
"799","buxtb001","Buxton","Byron","R","R","MIN","OF"
"800","cottn001","Cotts","Neal","L","L","MIN","P"
"801","dozib001","Dozier","Brian","R","R","MIN","SS"
"802","duenb001","Duensing","Brian","L","L","MIN","P"
"803","dufft001","Duffey","Tyler","R","R","MIN","P"
"804","escoe001","Escobar","Eduardo","B","R","MIN","SS"
"805","fienc001","Fien","Casey","R","R","MIN","P"
"806","fryee001","Fryer","Eric","R","R","MIN","C"
"807","gibsk002","Gibson","Kyle","R","R","MIN","P"
"808","grahj002","Graham","J.R.","R","R","MIN","P"
"809","herrc001","Herrmann","Chris","L","R","MIN","C"
"810","hicka001","Hicks","Aaron","B","R","MIN","OF"
"811","hughp001","Hughes","Phil","R","R","MIN","P"
"812","huntt001","Hunter","Torii","R","R","MIN","OF"
"813","jepsk001","Jepsen","Kevin","R","R","MIN","P"
"814","keplm001","Kepler","Max","L","L","MIN","OF"
"815","mauej001","Mauer","Joe","L","R","MIN","1B"
"816","may-t001","May","Trevor","R","R","MIN","P"
"817","meyea001","Meyer","Alex","R","R","MIN","P"
"818","milot001","Milone","Tom","L","L","MIN","P"
"819","nolar001","Nolasco","Ricky","R","R","MIN","P"
"820","nunee002","Nunez","Eduardo","R","R","MIN","OF"
"821","orour001","O'Rourke","Ryan","R","L","MIN","P"
"822","pelfm001","Pelfrey","Mike","R","R","MIN","P"
"823","perkg001","Perkins","Glen","L","L","MIN","P"
"824","plout001","Plouffe","Trevor","R","R","MIN","SS"
"825","polaj001","Polanco","Jorge","B","R","MIN","SS"
"826","presr001","Pressly","Ryan","R","R","MIN","P"
"827","robis001","Robinson","Shane","R","R","MIN","OF"
"828","rosae001","Rosario","Eddie","L","R","MIN","OF"
"829","sanom001","Sano","Miguel","R","R","MIN","3B"
"830","santd001","Santana","Danny","B","R","MIN","SS"
"831","sante001","Santana","Ervin","R","R","MIN","P"
"832","schaj002","Schafer","Jordan","L","L","MIN","OF"
"833","staut001","Stauffer","Tim","R","R","MIN","P"
"834","suzuk001","Suzuki","Kurt","R","R","MIN","C"
"835","thiec001","Thielbar","Caleb","R","L","MIN","P"
"836","thoma003","Thompson","Aaron","L","L","MIN","P"
"837","tonkm001","Tonkin","Michael","R","R","MIN","P"
"838","vargk001","Vargas","Kennys","B","R","MIN","1B"
"839","ackld001","Ackley","Dustin","L","R","NYA","OF"
"840","baila001","Bailey","Andrew","R","R","NYA","P"
"841","beltc001","Beltran","Carlos","B","R","NYA","CF"
"842","betad001","Betances","Dellin","R","R","NYA","P"
"843","birdg001","Bird","Greg","L","R","NYA","1B"
"844","burad001","Burawa","Danny","R","R","NYA","P"
"845","capuc001","Capuano","Chris","L","L","NYA","P"
"846","carpd001","Carpenter","David","R","R","NYA","P"
"847","cothc001","Cotham","Caleb","R","R","NYA","P"
"848","davik002","Davies","Kyle","R","R","NYA","P"
"849","depaj004","De Paula","Jose","R","L","NYA","P"
"850","drews001","Drew","Stephen","L","R","NYA","SS"
"851","ellsj001","Ellsbury","Jacoby","L","L","NYA","OF"
"852","eovan001","Eovaldi","Nathan","R","R","NYA","P"
"853","figuc001","Figueroa","Cole","L","R","NYA","2B"
"854","florr003","Flores","Ramon","L","L","NYA","OF"
"855","gardb001","Gardner","Brett","L","L","NYA","OF"
"856","goodn001","Goody","Nick","R","R","NYA","P"
"857","gregd001","Gregorius","Didi","L","R","NYA","SS"
"858","headc001","Headley","Chase","B","R","NYA","3B"
"859","heats001","Heathcott","Slade","L","L","NYA","OF"
"860","joneg002","Jones","Garrett","L","L","NYA","1B"
"861","lindj005","Lindgren","Jacob","L","L","NYA","P"
"862","martc007","Martin","Chris","R","R","NYA","P"
"863","mccab002","McCann","Brian","L","R","NYA","C"
"864","milla002","Miller","Andrew","L","L","NYA","P"
"865","mitcb001","Mitchell","Bryan","L","R","NYA","P"
"866","mored001","Moreno","Diego","R","R","NYA","P"
"867","murpj001","Murphy","John Ryan","R","R","NYA","C"
"868","noelr001","Noel","Rico","R","R","NYA","OF"
"869","novai001","Nova","Ivan","R","R","NYA","P"
"870","pazoj001","Pazos","James","R","L","NYA","P"
"871","petig001","Petit","Gregorio","R","R","NYA","SS"
"872","pindb001","Pinder","Branden","R","R","NYA","P"
"873","pinem001","Pineda","Michael","R","R","NYA","P"
"874","pirej001","Pirela","Jose","R","R","NYA","2B"
"875","ramij004","Ramirez","Jose","R","R","NYA","P"
"876","refsr001","Refsnyder","Rob","R","R","NYA","2B"
"877","rodra001","Rodriguez","Alex","R","R","NYA","3B"
"878","rogee002","Rogers","Esmil","R","R","NYA","P"
"879","romia002","Romine","Austin","R","R","NYA","C"
"880","rumbn001","Rumbelow","Nick","R","R","NYA","P"
"881","ryanb002","Ryan","Brendan","R","R","NYA","SS"
"882","sabac001","Sabathia","CC","L","L","NYA","P"
"883","sancg002","Sanchez","Gary","R","R","NYA","C"
"884","sants001","Santos","Sergio","R","R","NYA","P"
"885","sevel001","Severino","Luis","R","R","NYA","P"
"886","shrec001","Shreve","Chasen","L","L","NYA","P"
"887","tanam001","Tanaka","Masahiro","R","R","NYA","P"
"888","teixm001","Teixeira","Mark","B","R","NYA","1B"
"889","tracm001","Tracy","Matt","L","L","NYA","P"
"890","warra001","Warren","Adam","R","R","NYA","P"
"891","whitc001","Whitley","Chase","R","R","NYA","P"
"892","willm007","Williams","Mason","L","R","NYA","OF"
"893","wilsj004","Wilson","Justin","L","L","NYA","P"
"894","younc004","Young","Chris","R","R","NYA","OF"
"895","alvad001","Alvarez","Dario","L","L","NYN","P"
"896","blevj001","Blevins","Jerry","L","L","NYN","P"
"897","campe001","Campbell","Eric","R","R","NYN","2B"
"898","carlb001","Carlyle","Buddy","L","R","NYN","P"
"899","cecid001","Ceciliani","Darrell","L","L","NYN","OF"
"900","cespy001","Cespedes","Yoenis","R","R","NYN","OF"
"901","clipt001","Clippard","Tyler","R","R","NYN","P"
"902","colob001","Colon","Bartolo","R","R","NYN","P"
"903","confm001","Conforto","Michael","L","R","NYN","OF"
"904","cuddm001","Cuddyer","Michael","R","R","NYN","OF"
"905","darnt001","d'Arnaud","Travis","R","R","NYN","C"
"906","degrj001","deGrom","Jacob","L","R","NYN","P"
"907","dudal001","Duda","Lucas","L","R","NYN","OF"
"908","famij001","Familia","Jeurys","R","R","NYN","P"
"909","florw001","Flores","Wilmer","R","R","NYN","3B"
"910","gee-d001","Gee","Dillon","R","R","NYN","P"
"911","gilms001","Gilmartin","Sean","L","L","NYN","P"
"912","goede001","Goeddel","Erik","R","R","NYN","P"
"913","granc001","Granderson","Curtis","L","R","NYN","RF"
"914","harvm001","Harvey","Matt","R","R","NYN","P"
"915","herrd002","Herrera","Dilson","R","R","NYN","2B"
"916","johnk003","Johnson","Kelly","L","R","NYN","OF"
"917","lagaj001","Lagares","Juan","R","R","NYN","OF"
"918","leatj001","Leathersich","Jack","R","L","NYN","P"
"919","matzs001","Matz","Steven","R","L","NYN","P"
"920","maybj001","Mayberry","John","R","R","NYN","OF"
"921","mejij001","Mejia","Jenrry","R","R","NYN","P"
"922","monej001","Monell","Johnny","L","R","NYN","C"
"923","montr004","Montero","Rafael","R","R","NYN","P"
"924","morra001","Morris","Akeel","R","R","NYN","P"
"925","munod001","Muno","Danny","B","R","NYN","2B"
"926","murpd006","Murphy","Daniel","L","R","NYN","3B"
"927","niesj001","Niese","Jon","L","L","NYN","P"
"928","nieuk001","Nieuwenhuis","Kirk","L","R","NYN","OF"
"929","oflae001","O'Flaherty","Eric","L","L","NYN","P"
"930","parnb001","Parnell","Bobby","R","R","NYN","P"
"931","plawk001","Plawecki","Kevin","R","R","NYN","C"
"932","recka001","Recker","Anthony","R","R","NYN","C"
"933","reeda001","Reed","Addison","L","R","NYN","P"
"934","roblh001","Robles","Hansel","R","R","NYN","P"
"935","staut001","Stauffer","Tim","R","R","NYN","P"
"936","syndn001","Syndergaard","Noah","L","R","NYN","P"
"937","tejar001","Tejada","Ruben","R","R","NYN","SS"
"938","torra002","Torres","Alex","L","L","NYN","P"
"939","torrc001","Torres","Carlos","R","R","NYN","P"
"940","uribj002","Uribe","Juan","R","R","NYN","SS"
"941","verrl001","Verrett","Logan","R","R","NYN","P"
"942","wrigd002","Wright","David","R","R","NYN","3B"
"943","youne003","Young","Eric","B","R","NYN","OF"
"944","abadf001","Abad","Fernando","L","L","OAK","P"
"945","alvar001","Alvarez","R.J.","R","R","OAK","P"
"946","andeb005","Anderson","Bryan","L","R","OAK","C"
"947","bassc001","Bassitt","Chris","R","R","OAK","P"
"948","blaic001","Blair","Carson","R","R","OAK","C"
"949","brooa001","Brooks","Aaron","R","R","OAK","P"
"950","burnb002","Burns","Billy","B","R","OAK","OF"
"951","butlb003","Butler","Billy","R","R","OAK","OF"
"952","canhm001","Canha","Mark","R","R","OAK","1B"
"953","casta004","Castro","Angel","R","R","OAK","P"
"954","chavj001","Chavez","Jesse","R","R","OAK","P"
"955","clipt001","Clippard","Tyler","R","R","OAK","P"
"956","cookr001","Cook","Ryan","R","R","OAK","P"
"957","could001","Coulombe","Daniel","L","L","OAK","P"
"958","crisc001","Crisp","Coco","B","R","OAK","OF"
"959","davii001","Davis","Ike","L","L","OAK","1B"
"960","dools001","Doolittle","Sean","L","L","OAK","P"
"961","doubf001","Doubront","Felix","L","L","OAK","P"
"962","dullr001","Dull","Ryan","R","R","OAK","P"
"963","fulds001","Fuld","Sam","L","L","OAK","OF"
"964","gentc001","Gentry","Craig","R","R","OAK","OF"
"965","gravk001","Graveman","Kendall","R","R","OAK","P"
"966","grays001","Gray","Sonny","R","R","OAK","P"
"967","hahnj001","Hahn","Jesse","R","R","OAK","P"
"968","kazms001","Kazmir","Scott","L","L","OAK","P"
"969","ladet001","Ladendorf","Tyler","R","R","OAK","2B"
"970","lawrb002","Lawrie","Brett","R","R","OAK","3B"
"971","leona001","Leon","Arnold","R","R","OAK","P"
"972","martc008","Martin","Cody","R","R","OAK","P"
"973","millb001","Mills","Brad","R","L","OAK","P"
"974","mujie001","Mujica","Edward","R","R","OAK","P"
"975","muncm001","Muncy","Max","L","R","OAK","3B"
"976","nolis001","Nolin","Sean","L","L","OAK","P"
"977","oflae001","O'Flaherty","Eric","L","L","OAK","P"
"978","oterd001","Otero","Dan","R","R","OAK","P"
"979","parra001","Parrino","Andy","B","R","OAK","2B"
"980","phegj001","Phegley","Josh","R","R","OAK","C"
"981","pomed001","Pomeranz","Drew","R","L","OAK","P"
"982","pridj001","Pridie","Jason","L","R","OAK","OF"
"983","reddj001","Reddick","Josh","L","R","OAK","OF"
"984","rodrf004","Rodriguez","Fernando","R","R","OAK","P"
"985","rossc001","Ross","Cody","R","L","OAK","OF"
"986","scrie001","Scribner","Evan","R","R","OAK","P"
"987","semim001","Semien","Marcus","R","R","OAK","SS"
"988","smitc003","Smith","Chad","R","R","OAK","P"
"989","smolj002","Smolinski","Jake","R","R","OAK","OF"
"990","sogae001","Sogard","Eric","L","R","OAK","2B"
"991","valed001","Valencia","Danny","R","R","OAK","3B"
"992","vendp001","Venditte","Pat","B","L","OAK","P"
"993","vogts001","Vogt","Stephen","L","R","OAK","C"
"994","zitob001","Zito","Barry","L","L","OAK","P"
"995","zobrb001","Zobrist","Ben","B","R","OAK","OF"
"996","altha001","Altherr","Aaron","R","R","PHI","OF"
"997","araue001","Araujo","Elvis","L","L","PHI","P"
"998","aschc001","Asche","Cody","L","R","PHI","3B"
"999","ashea001","Asher","Alec","R","R","PHI","P"
"1000","aumop001","Aumont","Phillippe","L","R","PHI","P"
"1001","billc001","Billingsley","Chad","R","R","PHI","P"
"1002","blana001","Blanco","Andres","B","R","PHI","SS"
"1003","bogub001","Bogusevic","Brian","L","L","PHI","OF"
"1004","browd004","Brown","Domonic","L","L","PHI","OF"
"1005","buchd001","Buchanan","David","R","R","PHI","P"
"1006","corrk001","Correia","Kevin","R","R","PHI","P"
"1007","dankj002","Danks","Jordan","L","R","PHI","OF"
"1008","darnc001","d'Arnaud","Chase","R","R","PHI","SS"
"1009","defrj001","De Fratus","Justin","B","R","PHI","P"
"1010","diekj001","Diekman","Jake","L","L","PHI","P"
"1011","eickj001","Eickhoff","Jerad","R","R","PHI","P"
"1012","franj004","Francoeur","Jeff","R","R","PHI","OF"
"1013","franm004","Franco","Maikel","R","R","PHI","3B"
"1014","galvf001","Galvis","Freddy","B","R","PHI","SS"
"1015","garcl005","Garcia","Luis","R","R","PHI","P"
"1016","gilek001","Giles","Ken","R","R","PHI","P"
"1017","gomej002","Gomez","Jeanmar","R","R","PHI","P"
"1018","gonzs001","Gonzalez","Severino","R","R","PHI","P"
"1019","hamec001","Hamels","Cole","L","L","PHI","P"
"1020","haraa001","Harang","Aaron","R","R","PHI","P"
"1021","hernc005","Hernandez","Cesar","B","R","PHI","2B"
"1022","herro001","Herrera","Odubel","L","R","PHI","OF"
"1023","hinod001","Hinojosa","Dalier","R","R","PHI","P"
"1024","howar001","Howard","Ryan","L","L","PHI","1B"
"1025","jimec002","Jimenez","Cesar","L","L","PHI","P"
"1026","krate001","Kratz","Erik","R","R","PHI","C"
"1027","loewa001","Loewen","Adam","L","L","PHI","P"
"1028","mcgod001","McGowan","Dustin","R","R","PHI","P"
"1029","morga001","Morgan","Adam","L","L","PHI","P"
"1030","murrc002","Murray","Colton","R","R","PHI","P"
"1031","nerih001","Neris","Hector","R","R","PHI","P"
"1032","nolaa001","Nola","Aaron","R","R","PHI","P"
"1033","ogann001","Ogando","Nefi","R","R","PHI","P"
"1034","osuls001","O'Sullivan","Sean","R","R","PHI","P"
"1035","papej001","Papelbon","Jonathan","R","R","PHI","P"
"1036","reveb001","Revere","Ben","L","R","PHI","OF"
"1037","robek002","Roberts","Ken","L","L","PHI","P"
"1038","rosis001","Rosin","Seth","R","R","PHI","P"
"1039","ruizc001","Ruiz","Carlos","R","R","PHI","C"
"1040","ruf-d001","Ruf","Darin","R","R","PHI","1B"
"1041","ruppc001","Rupp","Cameron","R","R","PHI","C"
"1042","sizeg001","Sizemore","Grady","L","L","PHI","CF"
"1043","sweed001","Sweeney","Darnell","B","R","PHI","2B"
"1044","utlec001","Utley","Chase","L","R","PHI","2B"
"1045","willj003","Williams","Jerome","R","R","PHI","P"
"1046","alvap001","Alvarez","Pedro","L","R","PIT","3B"
"1047","basta001","Bastardo","Antonio","R","L","PIT","P"
"1048","blanj001","Blanton","Joe","R","R","PIT","P"
"1049","broxk001","Broxton","Keon","R","R","PIT","OF"
"1050","burna001","Burnett","A.J.","R","R","PIT","P"
"1051","camia001","Caminero","Arquimedes","R","R","PIT","P"
"1052","cervf001","Cervelli","Francisco","R","R","PIT","C"
"1053","coleg001","Cole","Gerrit","R","R","PIT","P"
"1054","deckj001","Decker","Jaff","L","L","PIT","OF"
"1055","diaze005","Diaz","Elias","R","R","PIT","C"
"1056","florp001","Florimon","Pedro","B","R","PIT","SS"
"1057","guerd001","Guerra","Deolis","R","R","PIT","P"
"1058","happj001","Happ","J.A.","L","L","PIT","P"
"1059","harrj002","Harrison","Josh","R","R","PIT","3B"
"1060","hartc001","Hart","Corey","R","R","PIT","OF"
"1061","herng001","Hernandez","Gorkys","R","R","PIT","OF"
"1062","hughj001","Hughes","Jared","R","R","PIT","P"
"1063","ishit001","Ishikawa","Travis","L","L","PIT","1B"
"1064","kangj001","Kang","Jung Ho","R","R","PIT","SS"
"1065","lafrb001","LaFromboise","Bobby","L","L","PIT","P"
"1066","lamba001","Lambo","Andrew","L","L","PIT","OF"
"1067","lirif001","Liriano","Francisco","L","L","PIT","P"
"1068","liz-r001","Liz","Radhames","R","R","PIT","P"
"1069","lockj001","Locke","Jeff","L","L","PIT","P"
"1070","lombs002","Lombardozzi","Steve","B","R","PIT","2B"
"1071","marts002","Marte","Starling","R","R","PIT","OF"
"1072","mccua001","McCutchen","Andrew","R","R","PIT","OF"
"1073","melam001","Melancon","Mark","R","R","PIT","P"
"1074","mercj002","Mercer","Jordy","R","R","PIT","2B"
"1075","moreb001","Morel","Brent","R","R","PIT","3B"
"1076","morsm001","Morse","Michael","R","R","PIT","OF"
"1077","mortc002","Morton","Charlie","R","R","PIT","P"
"1078","polag001","Polanco","Gregory","L","L","PIT","OF"
"1079","ramia001","Ramirez","Aramis","R","R","PIT","3B"
"1080","rodrs002","Rodriguez","Sean","R","R","PIT","2B"
"1081","sadlc002","Sadler","Casey","R","R","PIT","P"
"1082","sanct001","Sanchez","Tony","R","R","PIT","C"
"1083","scahr001","Scahill","Rob","L","R","PIT","P"
"1084","snidt001","Snider","Travis","L","L","PIT","OF"
"1085","sorij001","Soria","Joakim","R","R","PIT","P"
"1086","stewc001","Stewart","Chris","R","R","PIT","C"
"1087","tabaj002","Tabata","Jose","R","R","PIT","OF"
"1088","volsc001","Volstad","Chris","R","R","PIT","P"
"1089","walkn001","Walker","Neil","B","R","PIT","3B"
"1090","watst001","Watson","Tony","L","L","PIT","P"
"1091","worlv001","Worley","Vance","R","R","PIT","P"
"1092","almoa001","Almonte","Abraham","B","R","SDN","OF"
"1093","alony001","Alonso","Yonder","L","R","SDN","1B"
"1094","amara001","Amarista","Alexi","L","R","SDN","OF"
"1095","barmc001","Barmes","Clint","R","R","SDN","SS"
"1096","benoj001","Benoit","Joaquin","R","R","SDN","P"
"1097","campl001","Campos","Leonel","R","R","SDN","P"
"1098","casha001","Cashner","Andrew","R","R","SDN","P"
"1099","deckc001","Decker","Cody","R","R","SDN","1B"
"1100","despo001","Despaigne","Odrisamer","R","R","SDN","P"
"1101","dicka001","Dickerson","Alex","L","L","SDN","OF"
"1102","edwaj001","Edwards","Jon","R","R","SDN","P"
"1103","erlir001","Erlin","Robbie","R","L","SDN","P"
"1104","galer002","Gale","Rocky","R","R","SDN","C"
"1105","garcf003","Garces","Frank","L","L","SDN","P"
"1106","gyorj001","Gyorko","Jedd","R","R","SDN","3B"
"1107","hedga001","Hedges","Austin","R","R","SDN","C"
"1108","jackj001","Jackson","Jay","R","R","SDN","P"
"1109","jankt001","Jankowski","Travis","L","R","SDN","OF"
"1110","kells001","Kelley","Shawn","R","R","SDN","P"
"1111","kellc001","Kelly","Casey","R","R","SDN","P"
"1112","kempm001","Kemp","Matt","R","R","SDN","OF"
"1113","kenni001","Kennedy","Ian","R","R","SDN","P"
"1114","kimbc001","Kimbrel","Craig","R","R","SDN","P"
"1115","matem001","Mateo","Marcos","R","R","SDN","P"
"1116","maurb001","Maurer","Brandon","R","R","SDN","P"
"1117","mazzc001","Mazzoni","Cory","R","R","SDN","P"
"1118","middw001","Middlebrooks","Will","R","R","SDN","3B"
"1119","morrb001","Morrow","Brandon","R","R","SDN","P"
"1120","myerw001","Myers","Wil","R","R","SDN","OF"
"1121","nievw001","Nieves","Wil","R","R","SDN","C"
"1122","norrb001","Norris","Bud","R","R","SDN","P"
"1123","norrd001","Norris","Derek","R","R","SDN","C"
"1124","quack001","Quackenbush","Kevin","R","R","SDN","P"
"1125","rearc001","Rearick","Chris","L","L","SDN","P"
"1126","rzepm001","Rzepczynski","Marc","L","L","SDN","P"
"1127","rea-c001","Rea","Colin","R","R","SDN","P"
"1128","rosst001","Ross","Tyson","R","R","SDN","P"
"1129","shiej002","Shields","James","R","R","SDN","P"
"1130","solay001","Solarte","Yangervis","B","R","SDN","2B"
"1131","spanc001","Spangenberg","Cory","L","R","SDN","2B"
"1132","thayd001","Thayer","Dale","R","R","SDN","P"
"1133","uptoj001","Upton","Justin","R","R","SDN","OF"
"1134","uptob001","Upton","Melvin","R","R","SDN","OF"
"1135","venaw001","Venable","Will","L","L","SDN","OF"
"1136","vincn001","Vincent","Nick","R","R","SDN","P"
"1137","wallb001","Wallace","Brett","L","R","SDN","1B"
"1138","ackld001","Ackley","Dustin","L","R","SEA","OF"
"1139","baros002","Baron","Steve","R","R","SEA","C"
"1140","beimj001","Beimel","Joe","L","L","SEA","P"
"1141","bloow001","Bloomquist","Willie","R","R","SEA","2B"
"1142","canor001","Cano","Robinson","L","R","SEA","2B"
"1143","castw002","Castillo","Welington","R","R","SEA","C"
"1144","cruzn002","Cruz","Nelson","R","R","SEA","OF"
"1145","eliar001","Elias","Roenis","L","L","SEA","P"
"1146","farqd001","Farquhar","Danny","R","R","SEA","P"
"1147","furbc001","Furbush","Charlie","L","L","SEA","P"
"1148","guaim001","Guaipe","Mayckol","R","R","SEA","P"
"1149","gutif001","Gutierrez","Franklin","R","R","SEA","OF"
"1150","happj001","Happ","J.A.","L","L","SEA","P"
"1151","hernf002","Hernandez","Felix","R","R","SEA","P"
"1152","hickj001","Hicks","John","R","R","SEA","C"
"1153","iwakh001","Iwakuma","Hisashi","R","R","SEA","P"
"1154","jacka001","Jackson","Austin","R","R","SEA","OF"
"1155","jonej005","Jones","James","L","L","SEA","OF"
"1156","kensl001","Kensing","Logan","R","R","SEA","P"
"1157","leond003","Leone","Dominic","R","R","SEA","P"
"1158","lowem002","Lowe","Mark","R","R","SEA","P"
"1159","luetl001","Luetge","Lucas","L","L","SEA","P"
"1160","martk001","Marte","Ketel","B","R","SEA","SS"
"1161","mediy001","Medina","Yoervis","R","R","SEA","P"
"1162","millb002","Miller","Brad","L","R","SEA","SS"
"1163","montj003","Montero","Jesus","R","R","SEA","C"
"1164","montm002","Montgomery","Mike","L","L","SEA","P"
"1165","morrl001","Morrison","Logan","L","L","SEA","OF"
"1166","nunov001","Nuno","Vidal","L","L","SEA","P"
"1167","olmoe001","Olmos","Edgar","L","L","SEA","P"
"1168","olsot002","Olson","Tyler","R","L","SEA","P"
"1169","omals001","O'Malley","Shawn","B","R","SEA","OF"
"1170","paxtj001","Paxton","James","L","L","SEA","P"
"1171","ramij002","Ramirez","J.C.","R","R","SEA","P"
"1172","ramij004","Ramirez","Jose","R","R","SEA","P"
"1173","rasmr001","Rasmussen","Rob","R","L","SEA","P"
"1174","rodnf001","Rodney","Fernando","R","R","SEA","P"
"1175","rolld002","Rollins","David","L","L","SEA","P"
"1176","romes001","Romero","Stefen","R","R","SEA","OF"
"1177","ruggj001","Ruggiano","Justin","R","R","SEA","OF"
"1178","seagk001","Seager","Kyle","L","R","SEA","2B"
"1179","smitc004","Smith","Carson","R","R","SEA","P"
"1180","smits002","Smith","Seth","L","L","SEA","OF"
"1181","sucrj001","Sucre","Jesus","R","R","SEA","C"
"1182","taylc001","Taylor","Chris","R","R","SEA","SS"
"1183","trumm001","Trumbo","Mark","R","R","SEA","OF"
"1184","walkt004","Walker","Taijuan","R","R","SEA","P"
"1185","weekr001","Weeks","Rickie","R","R","SEA","2B"
"1186","wilht001","Wilhelmsen","Tom","R","R","SEA","P"
"1187","zunim001","Zunino","Mike","R","R","SEA","C"
"1188","zycht001","Zych","Tony","R","R","SEA","P"
"1189","adrie001","Adrianza","Ehire","B","R","SFN","SS"
"1190","affej001","Affeldt","Jeremy","L","L","SFN","P"
"1191","aokin001","Aoki","Nori","L","R","SFN","OF"
"1192","ariaj001","Arias","Joaquin","R","R","SFN","SS"
"1193","beltb001","Belt","Brandon","L","L","SFN","1B"
"1194","blang001","Blanco","Gregor","L","L","SFN","OF"
"1195","bochb003","Bochy","Brett","R","R","SFN","P"
"1196","broam001","Broadway","Mike","R","R","SFN","P"
"1197","browt002","Brown","Trevor","R","R","SFN","C"
"1198","bumgm001","Bumgarner","Madison","R","L","SFN","P"
"1199","byrdm001","Byrd","Marlon","R","R","SFN","OF"
"1200","cainm001","Cain","Matt","R","R","SFN","P"
"1201","crawb001","Crawford","Brandon","L","R","SFN","SS"
"1202","garcj002","Casilla","Santiago","R","R","SFN","P"
"1203","deaza001","de Aza","Alejandro","L","L","SFN","OF"
"1204","duffm002","Duffy","Matt","R","R","SFN","SS"
"1205","frank001","Frandsen","Kevin","R","R","SFN","2B"
"1206","gearc001","Gearrin","Cory","R","R","SFN","P"
"1207","hallc001","Hall","Cody","R","R","SFN","P"
"1208","hestc001","Heston","Chris","R","R","SFN","P"
"1209","hudst001","Hudson","Tim","R","R","SFN","P"
"1210","ishit001","Ishikawa","Travis","L","L","SFN","1B"
"1211","kontg001","Kontos","George","R","R","SFN","P"
"1212","linct001","Lincecum","Tim","L","R","SFN","P"
"1213","leakm001","Leake","Mike","R","R","SFN","P"
"1214","lollr001","Lollis","Ryan","L","L","SFN","OF"
"1215","lopej002","Lopez","Javier","L","L","SFN","P"
"1216","machj002","Machi","Jean","R","R","SFN","P"
"1217","maxwj002","Maxwell","Justin","R","R","SFN","OF"
"1218","mcgec001","McGehee","Casey","R","R","SFN","3B"
"1219","noonn001","Noonan","Nick","L","R","SFN","SS"
"1220","osicj001","Osich","Josh","L","L","SFN","P"
"1221","pagaa001","Pagan","Angel","B","R","SFN","CF"
"1222","panij002","Panik","Joe","L","R","SFN","SS"
"1223","parkj002","Parker","Jarrett","L","L","SFN","OF"
"1224","peavj001","Peavy","Jake","R","R","SFN","P"
"1225","pench001","Pence","Hunter","R","R","SFN","OF"
"1226","perej002","Perez","Juan","R","R","SFN","OF"
"1227","petiy001","Petit","Yusmeiro","R","R","SFN","P"
"1228","poseb001","Posey","Buster","R","R","SFN","C"
"1229","romos001","Romo","Sergio","R","R","SFN","P"
"1230","sanch002","Sanchez","Hector","B","R","SFN","C"
"1231","strih001","Strickland","Hunter","R","R","SFN","P"
"1232","susaa001","Susac","Andrew","R","R","SFN","C"
"1233","tomlk001","Tomlinson","Kelby","R","R","SFN","2B"
"1234","voger001","Vogelsong","Ryan","R","R","SFN","P"
"1235","willj005","Williams","Jackson","R","R","SFN","C"
"1236","willm008","Williamson","Mac","R","R","SFN","OF"
"1237","adamm002","Adams","Matt","L","R","SLN","1B"
"1238","annad001","Anna","Dean","L","R","SLN","2B"
"1239","belim001","Belisle","Matt","R","R","SLN","P"
"1240","bourp001","Bourjos","Peter","R","R","SLN","OF"
"1241","broxj001","Broxton","Jonathan","R","R","SLN","P"
"1242","carpm002","Carpenter","Matt","L","R","SLN","3B"
"1243","choar001","Choate","Randy","L","L","SLN","P"
"1244","cishs001","Cishek","Steve","R","R","SLN","P"
"1245","coont001","Cooney","Tim","L","L","SLN","P"
"1246","cruzt002","Cruz","Tony","R","R","SLN","C"
"1247","easle001","Easley","Ed","R","R","SLN","C"
"1248","garcg002","Garcia","Greg","L","R","SLN","SS"
"1249","garcj004","Garcia","Jaime","L","L","SLN","P"
"1250","gonzm005","Gonzales","Marco","L","L","SLN","P"
"1251","green002","Greenwood","Nick","R","L","SLN","P"
"1252","gricr001","Grichuk","Randal","R","R","SLN","OF"
"1253","harrm002","Harris","Mitch","R","R","SLN","P"
"1254","hatlm001","Hatley","Marcus","R","R","SLN","P"
"1255","heywj001","Heyward","Jason","L","L","SLN","OF"
"1256","hollm001","Holliday","Matt","R","R","SLN","OF"
"1257","jay-j001","Jay","Jon","L","L","SLN","OF"
"1258","johnd004","Johnson","Dan","L","R","SLN","1B"
"1259","kozmp001","Kozma","Pete","R","R","SLN","SS"
"1260","lackj001","Lackey","John","R","R","SLN","P"
"1261","lynnl001","Lynn","Lance","R","R","SLN","P"
"1262","lyont001","Lyons","Tyler","B","L","SLN","P"
"1263","manes001","Maness","Seth","R","R","SLN","P"
"1264","martc006","Martinez","Carlos","R","R","SLN","P"
"1265","moliy001","Molina","Yadier","R","R","SLN","C"
"1266","mossb001","Moss","Brandon","L","R","SLN","OF"
"1267","peraj001","Peralta","Jhonny","R","R","SLN","SS"
"1268","phamt001","Pham","Tommy","R","R","SLN","OF"
"1269","piscs001","Piscotty","Stephen","R","R","SLN","OF"
"1270","reynm001","Reynolds","Mark","R","R","SLN","3B"
"1271","roset001","Rosenthal","Trevor","R","R","SLN","P"
"1272","scrux001","Scruggs","Xavier","R","R","SLN","1B"
"1273","siegk001","Siegrist","Kevin","L","L","SLN","P"
"1274","socom001","Socolovich","Miguel","R","R","SLN","P"
"1275","stanc002","Stanley","Cody","L","R","SLN","C"
"1276","tartt001","Tartamella","Travis","R","R","SLN","C"
"1277","tuivs001","Tuivailala","Sam","R","R","SLN","P"
"1278","villc001","Villanueva","Carlos","R","R","SLN","P"
"1279","wachm001","Wacha","Michael","R","R","SLN","P"
"1280","waina001","Wainwright","Adam","R","R","SLN","P"
"1281","waldj001","Walden","Jordan","R","R","SLN","P"
"1282","wongk001","Wong","Kolten","L","R","SLN","2B"
"1283","andrm001","Andriese","Matt","R","R","TBA","P"
"1284","archc001","Archer","Chris","R","R","TBA","P"
"1285","balfg001","Balfour","Grant","R","R","TBA","P"
"1286","arenj001","Arencibia","J.P.","R","R","TBA","P"
"1287","beckt001","Beckham","Tim","R","R","TBA","SS"
"1288","belir001","Belisario","Ronald","R","R","TBA","P"
"1289","belij001","Beliveau","Jeff","L","L","TBA","P"
"1290","bella001","Bellatti","Andrew","R","R","TBA","P"
"1291","boxbb001","Boxberger","Brad","R","R","TBA","P"
"1292","bretr001","Brett","Ryan","R","R","TBA","2B"
"1293","butlj002","Butler","Joey","R","R","TBA","OF"
"1294","cabra002","Cabrera","Asdrubal","B","R","TBA","SS"
"1295","casac001","Casali","Curt","R","R","TBA","C"
"1296","cedex001","Cedeno","Xavier","L","L","TBA","P"
"1297","coloa001","Colome","Alex","R","R","TBA","P"
"1298","dejed001","DeJesus","David","L","L","TBA","CF"
"1299","domij002","Dominguez","Jose","R","R","TBA","P"
"1300","dyksa001","Dykstra","Allan","L","R","TBA","1B"
"1301","elmoj001","Elmore","Jake","R","R","TBA","2B"
"1302","forsl001","Forsythe","Logan","R","R","TBA","2B"
"1303","frann001","Franklin","Nick","B","R","TBA","2B"
"1304","friee001","Frieri","Ernesto","R","R","TBA","P"
"1305","gelts001","Geltz","Steve","R","R","TBA","P"
"1306","gomeb001","Gomes","Brandon","R","R","TBA","P"
"1307","guilp001","Guilmet","Preston","R","R","TBA","P"
"1308","guyeb001","Guyer","Brandon","R","R","TBA","OF"
"1309","jasoj001","Jaso","John","L","R","TBA","C"
"1310","jennd002","Jennings","Desmond","R","R","TBA","OF"
"1311","jepsk001","Jepsen","Kevin","R","R","TBA","P"
"1312","karnn001","Karns","Nathan","R","R","TBA","P"
"1313","kierk001","Kiermaier","Kevin","L","R","TBA","OF"
"1314","kraum001","Krauss","Marc","L","R","TBA","OF"
"1315","lonej001","Loney","James","L","L","TBA","1B"
"1316","longe001","Longoria","Evan","R","R","TBA","3B"
"1317","mahtm001","Mahtook","Mikie","R","R","TBA","OF"
"1318","maill001","Maile","Luke","R","R","TBA","C"
"1319","mcgej001","McGee","Jake","L","L","TBA","P"
"1320","moorm003","Moore","Matt","L","L","TBA","P"
"1321","navad002","Nava","Daniel","B","L","TBA","OF"
"1322","odorj001","Odorizzi","Jake","R","R","TBA","P"
"1323","ramie004","Ramirez","Erasmo","R","R","TBA","P"
"1324","riefc001","Riefenhauser","C.J.","L","L","TBA","P"
"1325","river003","Rivera","Rene","R","R","TBA","C"
"1326","romee002","Romero","Enny","L","L","TBA","P"
"1327","shafr001","Shaffer","Richie","R","R","TBA","3B"
"1328","sizeg001","Sizemore","Grady","L","L","TBA","CF"
"1329","smyld001","Smyly","Drew","L","L","TBA","P"
"1330","souzs001","Souza","Steven","R","R","TBA","OF"
"1331","teafe001","Teaford","Everett","L","L","TBA","P"
"1332","wilsb002","Wilson","Bobby","R","R","TBA","C"
"1333","yatek001","Yates","Kirby","L","R","TBA","P"
"1334","albeh001","Alberto","Hanser","R","R","TEX","SS"
"1335","andre001","Andrus","Elvis","R","R","TEX","SS"
"1336","bassa001","Bass","Anthony","R","R","TEX","P"
"1337","belta001","Beltre","Adrian","R","R","TEX","3B"
"1338","blank002","Blanks","Kyle","R","R","TEX","1B"
"1339","chirr001","Chirinos","Robinson","R","R","TEX","C"
"1340","choim001","Choice","Michael","R","R","TEX","OF"
"1341","choos001","Choo","Shin-Soo","L","L","TEX","OF"
"1342","claua001","Claudio","Alex","L","L","TEX","P"
"1343","corpc001","Corporan","Carlos","B","R","TEX","C"
"1344","deshd002","DeShields","Delino","R","R","TEX","OF"
"1345","detwr001","Detwiler","Ross","R","L","TEX","P"
"1346","diekj001","Diekman","Jake","L","L","TEX","P"
"1347","dysos001","Dyson","Sam","R","R","TEX","P"
"1348","edwaj001","Edwards","Jon","R","R","TEX","P"
"1349","faula001","Faulkner","Andrew","R","L","TEX","P"
"1350","felin001","Feliz","Neftali","R","R","TEX","P"
"1351","fielt001","Field","Thomas","R","R","TEX","SS"
"1352","fielp001","Fielder","Prince","L","R","TEX","1B"
"1353","frees001","Freeman","Sam","R","L","TEX","P"
"1354","fujik001","Fujikawa","Kyuji","L","R","TEX","P"
"1355","gallj002","Gallo","Joey","L","R","TEX","3B"
"1356","gally001","Gallardo","Yovani","R","R","TEX","P"
"1357","gimec001","Gimenez","Chris","R","R","TEX","C"
"1358","gonzc002","Gonzalez","Chi Chi","R","R","TEX","P"
"1359","hamec001","Hamels","Cole","L","L","TEX","P"
"1360","hamij003","Hamilton","Josh","L","L","TEX","OF"
"1361","harrm001","Harrison","Matt","L","L","TEX","P"
"1362","holld003","Holland","Derek","B","L","TEX","P"
"1363","jackl001","Jackson","Luke","R","R","TEX","P"
"1364","kelak001","Kela","Keone","R","R","TEX","P"
"1365","kleip001","Klein","Phil","R","R","TEX","P"
"1366","lewic001","Lewis","Colby","R","R","TEX","P"
"1367","martl004","Martin","Leonys","L","R","TEX","OF"
"1368","martn002","Martinez","Nick","L","R","TEX","P"
"1369","mendr002","Mendez","Roman","R","R","TEX","P"
"1370","morem001","Moreland","Mitch","L","L","TEX","OF"
"1371","napom001","Napoli","Mike","R","R","TEX","1B"
"1372","ohler001","Ohlendorf","Ross","R","R","TEX","P"
"1373","odorr001","Odor","Rougned","L","R","TEX","2B"
"1374","patts002","Patton","Spencer","R","R","TEX","P"
"1375","peguc001","Peguero","Carlos","L","L","TEX","OF"
"1376","perem004","Perez","Martin","L","L","TEX","P"
"1377","pimes001","Pimentel","Stolmy","R","R","TEX","P"
"1378","ranaa001","Ranaudo","Anthony","R","R","TEX","P"
"1379","rodrw002","Rodriguez","Wandy","B","L","TEX","P"
"1380","rosaa001","Rosales","Adam","R","R","TEX","1B"
"1381","rua-r001","Rua","Ryan","R","R","TEX","3B"
"1382","schet001","Scheppers","Tanner","R","R","TEX","P"
"1383","smolj002","Smolinski","Jake","R","R","TEX","OF"
"1384","strar001","Strausborger","Ryan","R","R","TEX","OF"
"1385","stubd001","Stubbs","Drew","R","R","TEX","OF"
"1386","telit001","Telis","Tomas","B","R","TEX","C"
"1387","tolls002","Tolleson","Shawn","R","R","TEX","P"
"1388","venaw001","Venable","Will","L","L","TEX","OF"
"1389","verrl001","Verrett","Logan","R","R","TEX","P"
"1390","wilsb002","Wilson","Bobby","R","R","TEX","C"
"1391","albea001","Albers","Andrew","R","L","TOR","P"
"1392","barnd001","Barney","Darwin","R","R","TOR","SS"
"1393","bautj002","Bautista","Jose","R","R","TOR","OF"
"1394","buehm001","Buehrle","Mark","L","L","TOR","P"
"1395","boydm001","Boyd","Matt","L","L","TOR","P"
"1396","carre001","Carrera","Ezequiel","L","L","TOR","OF"
"1397","castm002","Castro","Miguel","R","R","TOR","P"
"1398","cecib001","Cecil","Brett","R","L","TOR","P"
"1399","cokep001","Coke","Phil","L","L","TOR","P"
"1400","colac001","Colabello","Chris","R","R","TOR","3B"
"1401","copes001","Copeland","Scott","R","R","TOR","P"
"1402","delas001","Delabar","Steve","R","R","TOR","P"
"1403","diazj004","Diaz","Jonathan","R","R","TOR","3B"
"1404","dickr001","Dickey","R.A.","R","R","TOR","P"
"1405","donaj001","Donaldson","Josh","R","R","TOR","C"
"1406","doubf001","Doubront","Felix","L","L","TOR","P"
"1407","encae001","Encarnacion","Edwin","R","R","TOR","3B"
"1408","estrm001","Estrada","Marco","R","R","TOR","P"
"1409","franj003","Francis","Jeff","L","L","TOR","P"
"1410","goinr001","Goins","Ryan","L","R","TOR","SS"
"1411","hagum001","Hague","Matt","R","R","TOR","1B"
"1412","hawkl001","Hawkins","LaTroy","R","R","TOR","P"
"1413","hendl001","Hendriks","Liam","R","R","TOR","P"
"1414","hutcd001","Hutchison","Drew","L","R","TOR","P"
"1415","hynec001","Hynes","Colt","L","L","TOR","P"
"1416","jenkc001","Jenkins","Chad","R","R","TOR","P"
"1417","kawam001","Kawasaki","Munenori","L","R","TOR","SS"
"1418","loupa001","Loup","Aaron","L","L","TOR","P"
"1419","lowem002","Lowe","Mark","R","R","TOR","P"
"1420","martr004","Martin","Russell","R","R","TOR","C"
"1421","navad001","Navarro","Dioner","B","R","TOR","C"
"1422","norrd002","Norris","Daniel","L","L","TOR","P"
"1423","osunr001","Osuna","Roberto","R","R","TOR","P"
"1424","pennc001","Pennington","Cliff","B","R","TOR","SS"
"1425","pillk001","Pillar","Kevin","R","R","TOR","OF"
"1426","pompd001","Pompey","Dalton","B","R","TOR","OF"
"1427","pricd001","Price","David","L","L","TOR","P"
"1428","rasmr001","Rasmussen","Rob","R","L","TOR","P"
"1429","redmt002","Redmond","Todd","R","R","TOR","P"
"1430","reveb001","Revere","Ben","L","R","TOR","OF"
"1431","reyej001","Reyes","Jose","B","R","TOR","SS"
"1432","sanca006","Sanchez","Aaron","R","R","TOR","P"
"1433","saunm001","Saunders","Michael","L","R","TOR","OF"
"1434","schub001","Schultz","Bo","R","R","TOR","P"
"1435","smoaj001","Smoak","Justin","B","L","TOR","1B"
"1436","strom001","Stroman","Marcus","R","R","TOR","P"
"1437","teper001","Tepera","Ryan","R","R","TOR","P"
"1438","tholj001","Thole","Josh","L","R","TOR","C"
"1439","tolls001","Tolleson","Steven","R","R","TOR","2B"
"1440","travd001","Travis","Devon","R","R","TOR","2B"
"1441","valed001","Valencia","Danny","R","R","TOR","3B"
"1442","tulot001","Tulowitzki","Troy","R","R","TOR","SS"
"1443","barra001","Barrett","Aaron","R","R","WAS","P"
"1444","burre001","Burriss","Emmanuel","B","R","WAS","SS"
"1445","carpd001","Carpenter","David","R","R","WAS","P"
"1446","cedex001","Cedeno","Xavier","L","L","WAS","P"
"1447","colea002","Cole","A.J.","R","R","WAS","P"
"1448","deloa001","de los Santos","Abel","R","R","WAS","P"
"1449","dendm001","den Dekker","Matt","L","L","WAS","OF"
"1450","desmi001","Desmond","Ian","R","R","WAS","SS"
"1451","difow001","Difo","Wilmer","B","R","WAS","SS"
"1452","escoy001","Escobar","Yunel","R","R","WAS","SS"
"1453","espid001","Espinosa","Danny","B","R","WAS","SS"
"1454","fistd001","Fister","Doug","L","R","WAS","P"
"1455","gonzg003","Gonzalez","Gio","R","L","WAS","P"
"1456","gracm003","Grace","Matt","L","L","WAS","P"
"1457","harpb003","Harper","Bryce","L","R","WAS","OF"
"1458","hillt001","Hill","Taylor","R","R","WAS","P"
"1459","jansc001","Janssen","Casey","R","R","WAS","P"
"1460","johnr008","Johnson","Reed","R","R","WAS","OF"
"1461","jordt001","Jordan","Taylor","R","R","WAS","P"
"1462","lobaj001","Lobaton","Jose","B","R","WAS","C"
"1463","martr005","Martin","Rafael","R","R","WAS","P"
"1464","moort002","Moore","Tyler","R","R","WAS","1B"
"1465","papej001","Papelbon","Jonathan","R","R","WAS","P"
"1466","ramow001","Ramos","Wilson","R","R","WAS","C"
"1467","renda001","Rendon","Anthony","R","R","WAS","2B"
"1468","rivef001","Rivero","Felipe","L","L","WAS","P"
"1469","roart001","Roark","Tanner","R","R","WAS","P"
"1470","robic001","Robinson","Clint","L","L","WAS","1B"
"1471","rossj002","Ross","Joe","R","R","WAS","P"
"1472","schem001","Scherzer","Max","R","R","WAS","P"
"1473","sevep001","Severino","Pedro","R","R","WAS","C"
"1474","solis001","Solis","Sammy","R","L","WAS","P"
"1475","spand001","Span","Denard","L","L","WAS","OF"
"1476","stamc001","Stammen","Craig","R","R","WAS","P"
"1477","stord001","Storen","Drew","B","R","WAS","P"
"1478","stras001","Strasburg","Stephen","R","R","WAS","P"
"1479","taylm002","Taylor","Michael","R","R","WAS","OF"
"1480","thorm001","Thornton","Matt","L","L","WAS","P"
"1481","treib001","Treinen","Blake","R","R","WAS","P"
"1482","turnt001","Turner","Trea","R","R","WAS","SS"
"1483","uggld001","Uggla","Dan","R","R","WAS","2B"
"1484","wertj001","Werth","Jayson","R","R","WAS","OF"
"1485","zimmj003","Zimmermann","Jordan","R","R","WAS","P"
"1486","zimmr001","Zimmerman","Ryan","R","R","WAS","3B"
